titre,entreprise,logo,date_publiee,description,lien,categorie,type_contrat,date_detectee
Alternance Chef de Projet Si & Data Pilotage de Gestion - Dagneux H/FISCOD,Non précisé,https://f.hellowork.com/img/entreprises/198022.png?v=20260604132627,il y a 2 heures,"Alternance Chef de Projet Si & Data Pilotage de Gestion - Dagneux H/F | ISCOD | Dagneux - 01 | Alternance | 492,22 - 1 823,03 € / mois | Voir l’offre | il y a 2 heures",https://www.hellowork.com/fr-fr/emplois/84224565.html,Data,Alternance,2026-10-08 17:17
Alternant Chargé de Mission IA H/FPaprec,Non précisé,https://f.hellowork.com/img/entreprises/200564.png?v=20261001112012,il y a 2 heures,Alternant Chargé de Mission IA H/F | Paprec | La Courneuve - 93 | Alternance | Voir l’offre | il y a 2 heures,https://www.hellowork.com/fr-fr/emplois/84224813.html,IA,Alternance,2026-10-08 17:17
Alternance Chef de Projet IA - Montrevault-Sur-Èvre H/FISCOD,Non précisé,https://f.hellowork.com/img/entreprises/198022.png?v=20260604132627,il y a 2 heures,"Alternance Chef de Projet IA - Montrevault-Sur-Èvre H/F | ISCOD | Montrevault-sur-Èvre - 49 | Alternance | 492,22 - 1 823,03 € / mois | Voir l’offre | il y a 2 heures",https://www.hellowork.com/fr-fr/emplois/84224528.html,IA,Alternance,2026-10-08 17:17
Stage - Ingénieur R&D IA Agentique H/FALTEREO,Non précisé,https://f.hellowork.com/img/entreprises/192455.png?v=20260604132627,il y a 2 heures,Suivi de candidature | Stage - Ingénieur R&D IA Agentique H/F | ALTEREO | Super recruteur | Rouen - 76 | Stage | 1 000 € / mois | Voir l’offre | il y a 2 heures,https://www.hellowork.com/fr-fr/emplois/84226687.html,IA,Stage,2026-10-08 17:17
Alternance H/FIntersport,Non précisé,,il y a 1 jour,"Alternance H/F | Intersport | Vitry-le-François - 51 | Alternance | 492,22 - 1 823,03 € / mois | Voir l’offre | il y a 1 jour",https://www.hellowork.com/fr-fr/emplois/84191192.html,IA,Alternance,2026-10-08 17:17
Stage Data & Machine Learning - Delair Data Platform H/FDelair,Non précisé,,il y a 1 heure,Stage Data & Machine Learning - Delair Data Platform H/F | Delair | Marseille 1er - 13 | Stage | Voir l’offre | il y a 1 heure,https://www.hellowork.com/fr-fr/emplois/84228823.html,IA,Stage,2026-10-08 17:17
Analyse de Données Expérimentales pour l'Étude du Vieillissement des Batteries Li-Ion H/FEDF,Non précisé,https://f.hellowork.com/img/entreprises/195385.png?v=20261001112011,il y a 3 heures,Analyse de Données Expérimentales pour l'Étude du Vieillissement des Batteries Li-Ion H/F | EDF | Moret-Loing-et-Orvanne - 77 | Stage | 1 230 - 1 557 € / mois | 4 mois | Voir l’offre | il y a 3 heures,https://www.hellowork.com/fr-fr/emplois/84223457.html,IA,Stage,2026-10-08 17:17
Alternance - Assistant Cybersécurité - BTS S.I.O H/FAURLOM,Non précisé,https://f.hellowork.com/img/entreprises/206200.png?v=20261001112013,il y a 7 heures,Alternance - Assistant Cybersécurité - BTS S.I.O H/F | AURLOM | Paris - 75 | Alternance | 400 - 1 400 € / mois | 2 ans | Voir l’offre | il y a 7 heures,https://www.hellowork.com/fr-fr/emplois/84211427.html,Cybersécurité,Alternance,2026-10-08 17:17
Alternance - Développeur E-Commerce - BTS S.I.O H/FAURLOM,Non précisé,https://f.hellowork.com/img/entreprises/206200.png?v=20261001112013,il y a 7 heures,Alternance - Développeur E-Commerce - BTS S.I.O H/F | AURLOM | Paris - 75 | Alternance | 400 - 1 400 € / mois | 2 ans | Voir l’offre | il y a 7 heures,https://www.hellowork.com/fr-fr/emplois/84209225.html,Développement,Alternance,2026-10-08 09:58
Alternance - Assistant Cybersécurité - BTS S.I.O H/FAURLOM,Non précisé,https://f.hellowork.com/img/entreprises/206200.png?v=20261001112013,il y a 7 heures,Alternance - Assistant Cybersécurité - BTS S.I.O H/F | AURLOM | Paris - 75 | Alternance | 400 - 1 700 € / mois | 2 ans | Voir l’offre | il y a 7 heures,https://www.hellowork.com/fr-fr/emplois/84210851.html,Cybersécurité,Alternance,2026-10-08 09:58
Alternance - Assistant Cybersécurité - BTS S.I.O H/FAURLOM,Non précisé,https://f.hellowork.com/img/entreprises/206200.png?v=20261001112013,il y a 7 heures,Alternance - Assistant Cybersécurité - BTS S.I.O H/F | AURLOM | Paris - 75 | Alternance | 400 - 1 400 € / mois | 2 ans | Voir l’offre | il y a 7 heures,https://www.hellowork.com/fr-fr/emplois/84209221.html,Cybersécurité,Alternance,2026-10-08 09:58
Développeuse - Développeur SQL Time Series - Stage H/FCapgemini,Non précisé,https://f.hellowork.com/img/entreprises/193881.png?v=20261001112010,il y a 23 heures,Développeuse - Développeur SQL Time Series - Stage H/F | Capgemini | Cherbourg-en-Cotentin - 50 | Stage | 6 mois | Voir l’offre | il y a 23 heures,https://www.hellowork.com/fr-fr/emplois/84194943.html,Développement,Stage,2026-10-07 22:41
Alternance Chargé de Data - Bi - Bidart H/FISCOD,Non précisé,https://f.hellowork.com/img/entreprises/198022.png?v=20260604132627,il y a 19 heures,"Alternance Chargé de Data - Bi - Bidart H/F | ISCOD | Bidart - 64 | Alternance | 492,22 - 1 823,03 € / mois | Télétravail occasionnel | + 1 | Voir l’offre | il y a 19 heures",https://www.hellowork.com/fr-fr/emplois/84197869.html,Data,Alternance,2026-10-07 22:41
Alternance Assistant Informatique Data & Automatisation - Nice H/FISCOD,Non précisé,https://f.hellowork.com/img/entreprises/198022.png?v=20260604132627,il y a 19 heures,"Alternance Assistant Informatique Data & Automatisation - Nice H/F | ISCOD | Nice - 06 | Alternance | 492,22 - 1 823,03 € / mois | Voir l’offre | il y a 19 heures",https://www.hellowork.com/fr-fr/emplois/84198400.html,Data,Alternance,2026-10-07 22:41
Apprenti·e Data Engineer H/FH3 Campus,Non précisé,https://f.hellowork.com/img/entreprises/209027.png?v=20260604132627,il y a 19 heures,Suivi de candidature | Apprenti·e Data Engineer H/F | H3 Campus | Paris 16e - 75 | Alternance | 900 - 1 250 € / mois | 2 ans | Voir l’offre | il y a 19 heures,https://www.hellowork.com/fr-fr/emplois/78828866.html,Data,Alternance,2026-10-07 22:41
Software Engineering Site Reliability Engineering Bs - MS Intern 2027 H/FTalents Handicap,Non précisé,https://f.hellowork.com/img/entreprises/202942.png?v=20260604132627,il y a 13 jours,Software Engineering Site Reliability Engineering Bs - MS Intern 2027 H/F | Talents Handicap | Paris - 75 | Alternance | Voir l’offre | il y a 13 jours,https://www.hellowork.com/fr-fr/emplois/83767738.html,IA,Alternance,2026-10-07 22:41
Alternance Support Applicatif Cybersécurité et Gestion des Connaissances - Montpellier H/FISCOD,Non précisé,https://f.hellowork.com/img/entreprises/198022.png?v=20260604132627,il y a 19 heures,"Alternance Support Applicatif Cybersécurité et Gestion des Connaissances - Montpellier H/F | ISCOD | Montpellier - 34 | Alternance | 492,22 - 1 823,03 € / mois | Voir l’offre | il y a 19 heures",https://www.hellowork.com/fr-fr/emplois/83106663.html,Cybersécurité,Alternance,2026-10-07 22:41
Alternance - Développeur Back-End - BTS S.I.O H/FAURLOM,Non précisé,https://f.hellowork.com/img/entreprises/206200.png?v=20261001112013,il y a 1 jour,Alternance - Développeur Back-End - BTS S.I.O H/F | AURLOM | Paris - 75 | Alternance | 400 - 1 400 € / mois | 2 ans | Voir l’offre | il y a 1 jour,https://www.hellowork.com/fr-fr/emplois/84173150.html,Développement,Alternance,2026-10-07 17:14
Alternance - Développeur E-Commerce - BTS S.I.O H/FAURLOM,Non précisé,https://f.hellowork.com/img/entreprises/206200.png,il y a 16 heures,Alternance - Développeur E-Commerce - BTS S.I.O H/F | AURLOM | Paris - 75 | Alternance | 400 - 1 400 € / mois | 2 ans | Voir l’offre | il y a 16 heures,https://www.hellowork.com/fr-fr/emplois/84172629.html,Développement,Alternance,2026-10-07 17:14
Alternance - Développeur Back-End Junior - BTS S.I.O H/FAURLOM,Non précisé,https://f.hellowork.com/img/entreprises/206200.png?v=20261001112013,il y a 1 jour,Alternance - Développeur Back-End Junior - BTS S.I.O H/F | AURLOM | Paris - 75 | Alternance | 400 - 1 700 € / mois | 2 ans | Voir l’offre | il y a 1 jour,https://www.hellowork.com/fr-fr/emplois/84172537.html,Développement,Alternance,2026-10-07 17:14
Alternance - Assistant Développeur en Start-Up - BTS S.I.O H/FAURLOM,Non précisé,https://f.hellowork.com/img/entreprises/206200.png?v=20261001112013,il y a 1 jour,Alternance - Assistant Développeur en Start-Up - BTS S.I.O H/F | AURLOM | Paris - 75 | Alternance | 400 - 1 400 € / mois | 2 ans | Voir l’offre | il y a 1 jour,https://www.hellowork.com/fr-fr/emplois/84172867.html,Développement,Alternance,2026-10-07 17:14
Alternance - Développeur Junior pour Site E-Commerce - BTS S.I.O H/FAURLOM,Non précisé,https://f.hellowork.com/img/entreprises/206200.png?v=20261001112013,il y a 1 jour,Alternance - Développeur Junior pour Site E-Commerce - BTS S.I.O H/F | AURLOM | Paris - 75 | Alternance | 400 - 1 700 € / mois | 2 ans | Voir l’offre | il y a 1 jour,https://www.hellowork.com/fr-fr/emplois/84173698.html,Développement,Alternance,2026-10-07 17:14
Data Analyst Intern - Group Data Analytics H/FAramisauto,Non précisé,https://f.hellowork.com/img/entreprises/192691.png?v=20260604132627,il y a 1 jour,Suivi de candidature | Data Analyst Intern - Group Data Analytics H/F | Aramisauto | Arcueil - 94 | Stage | Télétravail partiel | Voir l’offre | il y a 1 jour,https://www.hellowork.com/fr-fr/emplois/84185738.html,Data,Stage,2026-10-07 17:14
Expert Junior en Alternance H/FEuridis Management,Non précisé,https://f.hellowork.com/img/entreprises/206576.png?v=20261001112013,il y a 1 jour,Suivi de candidature | Expert Junior en Alternance H/F | Euridis Management | Limonest - 69 | Alternance | 15 000 € / an | Voir l’offre | il y a 1 jour,https://www.hellowork.com/fr-fr/emplois/84191679.html,IA,Alternance,2026-10-07 17:14
Stage - Chef de Projet Marketing Stage - Data Science Intelligence Artificielle & Agents IA H/FLTC,Non précisé,https://f.hellowork.com/img/entreprises/199179.png?v=20260604132627,il y a 1 jour,Suivi de candidature | Stage - Chef de Projet Marketing Stage - Data Science Intelligence Artificielle & Agents IA H/F | LTC | Lyon - 69 | Stage | 6 mois | Voir l’offre | il y a 1 jour,https://www.hellowork.com/fr-fr/emplois/84190320.html,IA,Stage,2026-10-07 17:14
Stage Chargé·e de Mission IA - H/FVeolia Eau,Non précisé,https://f.hellowork.com/img/entreprises/203628.png?v=20260604132627,il y a 1 jour,Suivi de candidature | Stage Chargé·e de Mission IA - H/F | Veolia Eau | Vaulx-en-Velin - 69 | Stage | Voir l’offre | il y a 1 jour,https://www.hellowork.com/fr-fr/emplois/84174407.html,IA,Stage,2026-10-07 17:14
Stage - Outil d'Expertise de Performances de Navigation Inertielle par Machine Learning H/FSafran,Non précisé,https://f.hellowork.com/img/entreprises/215443.png?v=20260605150802,il y a 1 jour,Suivi de candidature | Stage - Outil d'Expertise de Performances de Navigation Inertielle par Machine Learning H/F | Safran | Éragny - 95 | Stage | 6 mois | Voir l’offre | il y a 1 jour,https://www.hellowork.com/fr-fr/emplois/84175745.html,IA,Stage,2026-10-07 17:14
Alternance - Assistant Cybersécurité - BTS S.I.O H/FAURLOM,Non précisé,https://f.hellowork.com/img/entreprises/206200.png,il y a 16 heures,Alternance - Assistant Cybersécurité - BTS S.I.O H/F | AURLOM | Paris - 75 | Alternance | 400 - 1 700 € / mois | 2 ans | Voir l’offre | il y a 16 heures,https://www.hellowork.com/fr-fr/emplois/84172269.html,Cybersécurité,Alternance,2026-10-07 17:14
Alternance - Assistant Cybersécurité - BTS S.I.O H/FAURLOM,Non précisé,https://f.hellowork.com/img/entreprises/206200.png,il y a 16 heures,Alternance - Assistant Cybersécurité - BTS S.I.O H/F | AURLOM | Paris - 75 | Alternance | 400 - 1 400 € / mois | 2 ans | Voir l’offre | il y a 16 heures,https://www.hellowork.com/fr-fr/emplois/84172768.html,Cybersécurité,Alternance,2026-10-07 17:14
Alternance - Assistant Cybersécurité - BTS S.I.O H/FAURLOM,Non précisé,https://f.hellowork.com/img/entreprises/206200.png,il y a 16 heures,Alternance - Assistant Cybersécurité - BTS S.I.O H/F | AURLOM | Paris - 75 | Alternance | 400 - 1 400 € / mois | 2 ans | Voir l’offre | il y a 16 heures,https://www.hellowork.com/fr-fr/emplois/84172620.html,Cybersécurité,Alternance,2026-10-07 17:14
Alternance - Assistant Cybersécurité Informatique - BTS S.I.O H/FAURLOM,Non précisé,https://f.hellowork.com/img/entreprises/206200.png?v=20261001112013,il y a 1 jour,Alternance - Assistant Cybersécurité Informatique - BTS S.I.O H/F | AURLOM | Paris - 75 | Alternance | 400 - 1 400 € / mois | 2 ans | Voir l’offre | il y a 1 jour,https://www.hellowork.com/fr-fr/emplois/84173102.html,Cybersécurité,Alternance,2026-10-07 17:14
Stage - Ingénieur Informatique Industrielle & Cybersécurité Conception et Test d'Un Plan de Reprise Informatique Industriel H/FSchmidt Groupe,Non précisé,https://f.hellowork.com/img/entreprises/207327.png?v=20261001112013,il y a 1 jour,Suivi de candidature | Stage - Ingénieur Informatique Industrielle & Cybersécurité Conception et Test d'Un Plan de Reprise Informatique Industriel H/F | Schmidt Groupe | Super recruteur | Sélestat - 67 | Stage | 6 mois | Voir l’offre | il y a 1 jour,https://www.hellowork.com/fr-fr/emplois/84185962.html,Cybersécurité,Stage,2026-10-07 17:14
Alternance - Assistant Sécurité Informatique - BTS S.I.O H/FAURLOM,Non précisé,https://f.hellowork.com/img/entreprises/206200.png?v=20261001112013,il y a 1 jour,Alternance - Assistant Sécurité Informatique - BTS S.I.O H/F | AURLOM | Paris - 75 | Alternance | 400 - 1 400 € / mois | 2 ans | Voir l’offre | il y a 1 jour,https://www.hellowork.com/fr-fr/emplois/84173862.html,Cybersécurité,Alternance,2026-10-07 17:14
Alternance - Assistant Sécurité Informatique - BTS S.I.O H/FAURLOM,Non précisé,https://f.hellowork.com/img/entreprises/206200.png?v=20261001112013,il y a 1 jour,Alternance - Assistant Sécurité Informatique - BTS S.I.O H/F | AURLOM | Paris - 75 | Alternance | 400 - 1 400 € / mois | 2 ans | Voir l’offre | il y a 1 jour,https://www.hellowork.com/fr-fr/emplois/84173868.html,Cybersécurité,Alternance,2026-10-07 17:14
Stage Ingénieur Informatique & Data Excellence H/FHager,Non précisé,https://f.hellowork.com/img/entreprises/197279.png?v=20261001112011,il y a 1 jour,Suivi de candidature | Stage Ingénieur Informatique & Data Excellence H/F | Hager | Obernai - 67 | Stage | 900 - 1 400 € / mois | Télétravail partiel | Voir l’offre | il y a 1 jour,https://www.hellowork.com/fr-fr/emplois/84166548.html,Data,Stage,2026-10-07 09:47
Stage Ingénieur Gouvernance Cybersécurité Produits Iot H/FHager,Non précisé,https://f.hellowork.com/img/entreprises/197279.png?v=20261001112011,il y a 1 jour,Suivi de candidature | Stage Ingénieur Gouvernance Cybersécurité Produits Iot H/F | Hager | Obernai - 67 | Stage | 1 400 € / mois | Télétravail partiel | Voir l’offre | il y a 1 jour,https://www.hellowork.com/fr-fr/emplois/84166547.html,Cybersécurité,Stage,2026-10-07 09:47
Stagiaire en Apprentissage Automatique - été 2027 H/FBNP Paribas,Non précisé,https://f.hellowork.com/img/entreprises/193475.png?v=20261001112010,il y a 1 jour,Stagiaire en Apprentissage Automatique - été 2027 H/F | BNP Paribas | Canada | Alternance | Voir l’offre | il y a 1 jour,https://www.hellowork.com/fr-fr/emplois/84165395.html,IA,Alternance,2026-10-07 02:04
Alternance Avant-Vente & Data - Business Analyst - Toulouse H/FISCOD,Non précisé,https://f.hellowork.com/img/entreprises/198022.png?v=20260604132627,il y a 1 jour,"Alternance Avant-Vente & Data - Business Analyst - Toulouse H/F | ISCOD | Toulouse - 31 | Alternance | 492,22 - 1 823,03 € / mois | Voir l’offre | il y a 1 jour",https://www.hellowork.com/fr-fr/emplois/84158904.html,Data,Alternance,2026-10-06 22:19
Alternance Assistant Data H/FLa Halle,Non précisé,https://f.hellowork.com/img/entreprises/212529.png?v=20260812163143,il y a 1 jour,"Suivi de candidature | Alternance Assistant Data H/F | La Halle | Paris 12e - 75 | Alternance | 492,22 - 1 823,03 € / mois | 24 mois | Voir l’offre | il y a 1 jour",https://www.hellowork.com/fr-fr/emplois/83087284.html,Data,Alternance,2026-10-06 22:19
Stagiaire Stratégie Marketing & Communication - Cybersécurité H/FCMA CGM,Non précisé,https://f.hellowork.com/img/entreprises/194426.png?v=20261001112011,il y a 1 jour,Suivi de candidature | Stagiaire Stratégie Marketing & Communication - Cybersécurité H/F | CMA CGM | Marseille - 13 | Stage | Voir l’offre | il y a 1 jour,https://www.hellowork.com/fr-fr/emplois/84154483.html,Cybersécurité,Stage,2026-10-06 22:19
Stagiaire Stratégie Marketing & Communication - Cybersécurité H/FCMA CGM,Non précisé,https://f.hellowork.com/img/entreprises/194426.png?v=20261001112011,il y a 1 jour,Suivi de candidature | Stagiaire Stratégie Marketing & Communication - Cybersécurité H/F | CMA CGM | Marseille - 13 | Stage | Voir l’offre | il y a 1 jour,https://www.hellowork.com/fr-fr/emplois/84154470.html,Cybersécurité,Stage,2026-10-06 22:19
Stagiaire Cyber Innovation - IA Appliquée & Cybersécurité H/FCMA CGM,Non précisé,https://f.hellowork.com/img/entreprises/194426.png?v=20261001112011,il y a 1 jour,Suivi de candidature | Stagiaire Cyber Innovation - IA Appliquée & Cybersécurité H/F | CMA CGM | Marseille - 13 | Stage | Voir l’offre | il y a 1 jour,https://www.hellowork.com/fr-fr/emplois/84154466.html,Cybersécurité,Stage,2026-10-06 22:19
Internship - Cyber Innovation Intern - Applied ai & Cybersecurity H/FCMA CGM,Non précisé,https://f.hellowork.com/img/entreprises/194426.png?v=20261001112011,il y a 1 jour,Suivi de candidature | Internship - Cyber Innovation Intern - Applied ai & Cybersecurity H/F | CMA CGM | Marseille - 13 | Stage | Voir l’offre | il y a 1 jour,https://www.hellowork.com/fr-fr/emplois/84154493.html,Cybersécurité,Stage,2026-10-06 22:19
Stage - Developpeur - Developpeuse Fullstack React - Node.Js H/FCanal Plus,Non précisé,https://f.hellowork.com/img/entreprises/193849.png?v=20261001112010,il y a 2 jours,Stage - Developpeur - Developpeuse Fullstack React - Node.Js H/F | Canal Plus | Puteaux - 92 | Stage | Télétravail partiel | Voir l’offre | il y a 2 jours,https://www.hellowork.com/fr-fr/emplois/84150165.html,Développement,Stage,2026-10-06 17:54
Alternance Chargé d'Emailing et Data - Boulogne-Billancourt H/FISCOD,Non précisé,https://f.hellowork.com/img/entreprises/198022.png?v=20260604132627,il y a 2 jours,"Alternance Chargé d'Emailing et Data - Boulogne-Billancourt H/F | ISCOD | Boulogne-Billancourt - 92 | Alternance | 492,22 - 1 823,03 € / mois | Voir l’offre | il y a 2 jours",https://www.hellowork.com/fr-fr/emplois/84138920.html,Data,Alternance,2026-10-06 17:54
Alternance E-Commerce Data Growth - Mouy H/FISCOD,Non précisé,https://f.hellowork.com/img/entreprises/198022.png?v=20260604132627,il y a 2 jours,"Alternance E-Commerce Data Growth - Mouy H/F | ISCOD | Mouy - 60 | Alternance | 492,22 - 1 823,03 € / mois | Voir l’offre | il y a 2 jours",https://www.hellowork.com/fr-fr/emplois/84138902.html,Data,Alternance,2026-10-06 17:54
Alternance Data Science - Intelligence Artificielle - la Chapelle-Saint-Luc H/FISCOD,Non précisé,https://f.hellowork.com/img/entreprises/198022.png?v=20260604132627,il y a 2 jours,"Alternance Data Science - Intelligence Artificielle - la Chapelle-Saint-Luc H/F | ISCOD | La Chapelle-Saint-Luc - 10 | Alternance | 492,22 - 1 823,03 € / mois | Voir l’offre | il y a 2 jours",https://www.hellowork.com/fr-fr/emplois/84139120.html,IA,Alternance,2026-10-06 17:54
Stage - Data Consultant H/FBNP Paribas,Non précisé,https://f.hellowork.com/img/entreprises/193475.png,il y a 11 heures,Stage - Data Consultant H/F | BNP Paribas | Paris - 75 | Stage | 1 250 - 2 100 € / mois | Télétravail partiel | Voir l’offre | il y a 11 heures,https://www.hellowork.com/fr-fr/emplois/84142877.html,Data,Stage,2026-10-06 17:54
Stagiaire - Data et Immobilier H/FGroupe ADP,Non précisé,https://f.hellowork.com/img/entreprises/196853.png?v=20261001112011,il y a 2 jours,Suivi de candidature | Stagiaire - Data et Immobilier H/F | Groupe ADP | Le Bourget - 93 | Stage | Télétravail partiel | 6 mois | Voir l’offre | il y a 2 jours,https://www.hellowork.com/fr-fr/emplois/84141107.html,Data,Stage,2026-10-06 17:54
Stage Ingénieur Logiciel Data - Data Engineering - Services Publics - Bordeaux H/FSopra Steria,Non précisé,https://f.hellowork.com/img/entreprises/202495.png?v=20261001112012,il y a 2 jours,Suivi de candidature | Stage Ingénieur Logiciel Data - Data Engineering - Services Publics - Bordeaux H/F | Sopra Steria | Mérignac - 33 | Stage | Voir l’offre | il y a 2 jours,https://www.hellowork.com/fr-fr/emplois/84144859.html,Data,Stage,2026-10-06 17:54
Stage - Data Scientist - Developpement IA Générative & Data H/FNaval Group,Non précisé,https://f.hellowork.com/img/entreprises/199974.png?v=20261001112012,il y a 2 jours,Stage - Data Scientist - Developpement IA Générative & Data H/F | Naval Group | Ollioules - 83 | Stage | 1 350 € / mois | 6 mois | Voir l’offre | il y a 2 jours,https://www.hellowork.com/fr-fr/emplois/84148638.html,Data,Stage,2026-10-06 17:54
Alternance ai Builder - Automatisation & IA - Saint-Étienne H/FISCOD,Non précisé,https://f.hellowork.com/img/entreprises/198022.png?v=20260604132627,il y a 2 jours,"Alternance ai Builder - Automatisation & IA - Saint-Étienne H/F | ISCOD | Saint-Étienne - 42 | Alternance | 492,22 - 1 823,03 € / mois | Voir l’offre | il y a 2 jours",https://www.hellowork.com/fr-fr/emplois/84139380.html,IA,Alternance,2026-10-06 17:54
Simulation de la Commutation Ferroélectrique Assistée par Intelligence Artificielle H/FCEA,Non précisé,https://f.hellowork.com/img/entreprises/194020.png?v=20261001112011,il y a 2 jours,Simulation de la Commutation Ferroélectrique Assistée par Intelligence Artificielle H/F | CEA | Grenoble - 38 | Stage | Voir l’offre | il y a 2 jours,https://www.hellowork.com/fr-fr/emplois/84138452.html,IA,Stage,2026-10-06 17:54
Stage - Bac+5 - Ingénieur - Machine Learning H/FCEA,Non précisé,https://f.hellowork.com/img/entreprises/194020.png?v=20261001112011,il y a 2 jours,Stage - Bac+5 - Ingénieur - Machine Learning H/F | CEA | Le Bourget-du-Lac - 73 | Stage | 6 mois | Voir l’offre | il y a 2 jours,https://www.hellowork.com/fr-fr/emplois/84142062.html,IA,Stage,2026-10-06 17:54
Stage - Data Analyst - Scientist H/FCdiscount,Non précisé,https://f.hellowork.com/img/entreprises/194016.png?v=20261001112011,il y a 2 jours,Stage - Data Analyst - Scientist H/F | Cdiscount | Bordeaux - 33 | Stage | 6 mois | Voir l’offre | il y a 2 jours,https://www.hellowork.com/fr-fr/emplois/84144844.html,IA,Stage,2026-10-06 17:54
Alternance Cybersécurité Industrielle OT Operational Technology H/FTECHNICATOME,Non précisé,https://f.hellowork.com/img/entreprises/203049.png?v=20261001112012,il y a 2 jours,"Suivi de candidature | Alternance Cybersécurité Industrielle OT Operational Technology H/F | TECHNICATOME | Aix-en-Provence - 13 | Alternance | 492,22 - 1 823,03 € / mois | Voir l’offre | il y a 2 jours",https://www.hellowork.com/fr-fr/emplois/84138856.html,Cybersécurité,Alternance,2026-10-06 17:54
Stage - Ingénieur R&D Cybersécurité Industrielle - Simulateur - Multi-Source H/FFramatome,Non précisé,https://f.hellowork.com/img/entreprises/196426.png?v=20261001112011,il y a 2 jours,Stage - Ingénieur R&D Cybersécurité Industrielle - Simulateur - Multi-Source H/F | Framatome | Lyon - 69 | Stage | Voir l’offre | il y a 2 jours,https://www.hellowork.com/fr-fr/emplois/84150994.html,Cybersécurité,Stage,2026-10-06 17:54
Stage - Ingénieur Cyber - Sécurité des Systèmes H/FNaval Group,Non précisé,https://f.hellowork.com/img/entreprises/199974.png?v=20261001112012,il y a 2 jours,Stage - Ingénieur Cyber - Sécurité des Systèmes H/F | Naval Group | Ollioules - 83 | Stage | 1 350 € / mois | 6 mois | Voir l’offre | il y a 2 jours,https://www.hellowork.com/fr-fr/emplois/84140950.html,Cybersécurité,Stage,2026-10-06 17:54
Stage - Ingénieur Cyber - IA et Opérations Soc H/FNaval Group,Non précisé,https://f.hellowork.com/img/entreprises/199974.png?v=20261001112012,il y a 2 jours,Stage - Ingénieur Cyber - IA et Opérations Soc H/F | Naval Group | Ollioules - 83 | Stage | 1 350 € / mois | 6 mois | Voir l’offre | il y a 2 jours,https://www.hellowork.com/fr-fr/emplois/84140936.html,Cybersécurité,Stage,2026-10-06 17:54
Stage - Ingénieur Cyber - IA et Threat Intelligence H/FNaval Group,Non précisé,https://f.hellowork.com/img/entreprises/199974.png?v=20261001112012,il y a 2 jours,Stage - Ingénieur Cyber - IA et Threat Intelligence H/F | Naval Group | Ollioules - 83 | Stage | 1 350 € / mois | 6 mois | Voir l’offre | il y a 2 jours,https://www.hellowork.com/fr-fr/emplois/84140958.html,Cybersécurité,Stage,2026-10-06 17:54
Stage - Ingénieur Cyber - Fuzzing & Protocoles Maritimes H/FNaval Group,Non précisé,https://f.hellowork.com/img/entreprises/199974.png?v=20261001112012,il y a 2 jours,Stage - Ingénieur Cyber - Fuzzing & Protocoles Maritimes H/F | Naval Group | Ollioules - 83 | Stage | 1 350 € / mois | 6 mois | Voir l’offre | il y a 2 jours,https://www.hellowork.com/fr-fr/emplois/84140960.html,Cybersécurité,Stage,2026-10-06 17:54
Stage - Ingénieur Cyber - Threat Intelligence H/FNaval Group,Non précisé,https://f.hellowork.com/img/entreprises/199974.png?v=20261001112012,il y a 2 jours,Stage - Ingénieur Cyber - Threat Intelligence H/F | Naval Group | Ollioules - 83 | Stage | 1 350 € / mois | 6 mois | Voir l’offre | il y a 2 jours,https://www.hellowork.com/fr-fr/emplois/84140943.html,Cybersécurité,Stage,2026-10-06 17:54
Stage - Ingénieur Cyber - Détection d'Anomalies Réseau H/FNaval Group,Non précisé,https://f.hellowork.com/img/entreprises/199974.png?v=20261001112012,il y a 2 jours,Stage - Ingénieur Cyber - Détection d'Anomalies Réseau H/F | Naval Group | Ollioules - 83 | Stage | 1 350 € / mois | 6 mois | Voir l’offre | il y a 2 jours,https://www.hellowork.com/fr-fr/emplois/84140953.html,Cybersécurité,Stage,2026-10-06 17:54
Développeur Applicatif Stage H/FABMI Groupe,Non précisé,https://f.hellowork.com/img/entreprises/206022.png?v=20261001112013,il y a 2 jours,Développeur Applicatif Stage H/F | ABMI Groupe | Vaulx-en-Velin - 69 | Stage | 10 800 € / an | Voir l’offre | il y a 2 jours,https://www.hellowork.com/fr-fr/emplois/84128418.html,Développement,Stage,2026-10-06 11:46
Alternance - Chef.Fe de Projet IA & Transformation H/FIriig,Non précisé,https://f.hellowork.com/img/entreprises/198005.png?v=20261001112012,il y a 2 jours,"Suivi de candidature | Alternance - Chef.Fe de Projet IA & Transformation H/F | Iriig | Lyon - 69 | Alternance | 1 138,88 - 1 456,28 € / mois | 1 an | Voir l’offre | il y a 2 jours",https://www.hellowork.com/fr-fr/emplois/84126017.html,IA,Alternance,2026-10-06 11:46
Stage Bac +5 - Accompagnement au Déploiement de Cas d'Usage IA sur le Cnpe du Tricastin H/FEDF,Non précisé,https://f.hellowork.com/img/entreprises/195385.png?v=20261001112011,il y a 2 jours,Stage Bac +5 - Accompagnement au Déploiement de Cas d'Usage IA sur le Cnpe du Tricastin H/F | EDF | Tricastin - 26 | Stage | 1 230 - 1 682 € / mois | 6 mois | Voir l’offre | il y a 2 jours,https://www.hellowork.com/fr-fr/emplois/84129026.html,IA,Stage,2026-10-06 11:46
Stage - Ingénieur IA Machine Learning Nlp H/FDassault Systèmes,Non précisé,,il y a 2 jours,Stage - Ingénieur IA Machine Learning Nlp H/F | Dassault Systèmes | Vélizy-Villacoublay - 78 | Stage | Voir l’offre | il y a 2 jours,https://www.hellowork.com/fr-fr/emplois/84123006.html,IA,Stage,2026-10-06 11:46
Internship Data Analyst H/FENGIE,Non précisé,https://f.hellowork.com/img/entreprises/195606.png?v=20261001112011,il y a 2 jours,Internship Data Analyst H/F | ENGIE | Belgique | Alternance | Voir l’offre | il y a 2 jours,https://www.hellowork.com/fr-fr/emplois/83073737.html,Data,Alternance,2026-10-05 23:43
Stage - Ingénieur - Définition de la Stratégie d'Intégration de l'IA dans les Outils Numériques H/FFramatome,Non précisé,https://f.hellowork.com/img/entreprises/196426.png,il y a 13 heures,Stage - Ingénieur - Définition de la Stratégie d'Intégration de l'IA dans les Outils Numériques H/F | Framatome | Lyon - 69 | Stage | Voir l’offre | il y a 13 heures,https://www.hellowork.com/fr-fr/emplois/84111743.html,IA,Stage,2026-10-05 23:43
Vision par Ordinateur et IA au Service de la Navigation Aérienne H/FOrange,Non précisé,https://f.hellowork.com/img/entreprises/200421.png,il y a 1 jour,Vision par Ordinateur et IA au Service de la Navigation Aérienne H/F | Orange | Meylan - 38 | Stage | 6 mois | Voir l’offre | il y a 1 jour,https://www.hellowork.com/fr-fr/emplois/84115761.html,IA,Stage,2026-10-05 23:43
Développeuse - Développeur Fullstack - Stage H/FCapgemini,Non précisé,https://f.hellowork.com/img/entreprises/193881.png?v=20261001112010,il y a 3 jours,Développeuse - Développeur Fullstack - Stage H/F | Capgemini | Aix-en-Provence - 13 | Stage | 19 000 - 20 000 € / an | 6 mois | Voir l’offre | il y a 3 jours,https://www.hellowork.com/fr-fr/emplois/84083984.html,Développement,Stage,2026-10-05 17:51
Développeuse - Développeur Fullstack - Stage H/FCapgemini,Non précisé,https://f.hellowork.com/img/entreprises/193881.png?v=20261001112010,il y a 3 jours,Développeuse - Développeur Fullstack - Stage H/F | Capgemini | Toulouse - 31 | Stage | 19 000 - 20 000 € / an | 6 mois | Voir l’offre | il y a 3 jours,https://www.hellowork.com/fr-fr/emplois/84092534.html,Développement,Stage,2026-10-05 17:51
Développeuse - Développeur Logiciel Plm - Stage H/FCapgemini,Non précisé,https://f.hellowork.com/img/entreprises/193881.png?v=20261001112010,il y a 2 jours,Développeuse - Développeur Logiciel Plm - Stage H/F | Capgemini | Toulouse - 31 | Stage | 6 mois | Voir l’offre | il y a 2 jours,https://www.hellowork.com/fr-fr/emplois/84108715.html,Développement,Stage,2026-10-05 17:51
Développeuse - Développeur Logiciel Plm - Stage H/FCapgemini,Non précisé,https://f.hellowork.com/img/entreprises/193881.png?v=20261001112010,il y a 2 jours,Développeuse - Développeur Logiciel Plm - Stage H/F | Capgemini | Issy-les-Moulineaux - 92 | Stage | 6 mois | Voir l’offre | il y a 2 jours,https://www.hellowork.com/fr-fr/emplois/84108803.html,Développement,Stage,2026-10-05 17:51
Stage Fin Études Open Data H/FColas France,Non précisé,https://f.hellowork.com/img/entreprises/194500.png?v=20261001112011,il y a 3 jours,Stage Fin Études Open Data H/F | Colas France | Magny-les-Hameaux - 78 | Stage | 1 800 € / mois | Voir l’offre | il y a 3 jours,https://www.hellowork.com/fr-fr/emplois/84083009.html,Data,Stage,2026-10-05 17:51
Stagiaire IA Data - 5 Année H/FEau de Paris,Non précisé,https://f.hellowork.com/img/entreprises/195319.png?v=20261001112011,il y a 3 jours,Suivi de candidature | Stagiaire IA Data - 5 Année H/F | Eau de Paris | Paris - 75 | Stage | 4 mois | Voir l’offre | il y a 3 jours,https://www.hellowork.com/fr-fr/emplois/84098374.html,Data,Stage,2026-10-05 17:51
Alternant Is Ssc Projet IA H/FValeo,Non précisé,https://f.hellowork.com/img/entreprises/203550.png,il y a 5 heures,"Alternant Is Ssc Projet IA H/F | Valeo | Angers - 49 | Alternance | 492,22 - 1 823,03 € / mois | Voir l’offre | il y a 5 heures",https://www.hellowork.com/fr-fr/emplois/84090383.html,IA,Alternance,2026-10-05 17:51
Alternance - Chef.Fe de Projet IA & Transformation H/FIriig,Non précisé,https://f.hellowork.com/img/entreprises/198005.png,il y a 16 heures,"Suivi de candidature | Alternance - Chef.Fe de Projet IA & Transformation H/F | Iriig | Lyon - 69 | Alternance | 1 138,88 - 1 456,28 € / mois | 1 an | Voir l’offre | il y a 16 heures",https://www.hellowork.com/fr-fr/emplois/84089610.html,IA,Alternance,2026-10-05 17:51
Pfe 2027 - Optimiser notre Performance Grâce à l'IA H/FEUROVIA Délégation Centre-Ouest,Non précisé,https://f.hellowork.com/img/entreprises/195968.png?v=20260827150117,il y a 3 jours,Suivi de candidature | Pfe 2027 - Optimiser notre Performance Grâce à l'IA H/F | EUROVIA Délégation Centre-Ouest | Orléans - 45 | Stage | 25 000 € / an | 6 mois | Voir l’offre | il y a 3 jours,https://www.hellowork.com/fr-fr/emplois/84077308.html,IA,Stage,2026-10-05 17:51
Stage - Déploiement d'Algorithmes de Ml Adaptés au Matériel-Saclay H/FCEA,Non précisé,https://f.hellowork.com/img/entreprises/194020.png,il y a 4 heures,Stage - Déploiement d'Algorithmes de Ml Adaptés au Matériel-Saclay H/F | CEA | Saclay - 91 | Stage | 6 mois | Voir l’offre | il y a 4 heures,https://www.hellowork.com/fr-fr/emplois/84093021.html,IA,Stage,2026-10-05 17:51
Assistant Projets IA & Machine Learning H/FCrédit Agricole CIB,Non précisé,https://f.hellowork.com/img/entreprises/189318.png,il y a 1 jour,Assistant Projets IA & Machine Learning H/F | Crédit Agricole CIB | Montrouge - 92 | Stage | 6 mois | Voir l’offre | il y a 1 jour,https://www.hellowork.com/fr-fr/emplois/84101318.html,IA,Stage,2026-10-05 17:51
Stage Bac+5 Modèles Réduits de Réseaux H/FCEA,Non précisé,https://f.hellowork.com/img/entreprises/194020.png?v=20261001112011,il y a 3 jours,Stage Bac+5 Modèles Réduits de Réseaux H/F | CEA | Le Bourget-du-Lac - 73 | Stage | Voir l’offre | il y a 3 jours,https://www.hellowork.com/fr-fr/emplois/84099944.html,IA,Stage,2026-10-05 17:51
Stage - Orchestration - Cybersécurité - Toulouse H/FSopra Steria,Non précisé,https://f.hellowork.com/img/entreprises/202495.png?v=20261001112012,il y a 3 jours,Suivi de candidature | Stage - Orchestration - Cybersécurité - Toulouse H/F | Sopra Steria | Colomiers - 31 | Stage | Télétravail partiel | Voir l’offre | il y a 3 jours,https://www.hellowork.com/fr-fr/emplois/84096492.html,Cybersécurité,Stage,2026-10-05 17:51
Stage - Ingénieur Système et Réseau - Cybersécurité - Rennes H/FSopra Steria,Non précisé,https://f.hellowork.com/img/entreprises/202495.png,il y a 21 heures,Suivi de candidature | Stage - Ingénieur Système et Réseau - Cybersécurité - Rennes H/F | Sopra Steria | Cesson-Sévigné - 35 | Stage | Télétravail partiel | Voir l’offre | il y a 21 heures,https://www.hellowork.com/fr-fr/emplois/84096491.html,Cybersécurité,Stage,2026-10-05 17:51
Stage - Ingénieur Cyberark - Cybersécurité - Toulouse H/FSopra Steria,Non précisé,https://f.hellowork.com/img/entreprises/202495.png?v=20261001112012,il y a 3 jours,Suivi de candidature | Stage - Ingénieur Cyberark - Cybersécurité - Toulouse H/F | Sopra Steria | Colomiers - 31 | Stage | Télétravail partiel | Voir l’offre | il y a 3 jours,https://www.hellowork.com/fr-fr/emplois/84079640.html,Cybersécurité,Stage,2026-10-05 17:51
Stage Cybersécurité Bac+3 - Lyon H/F,Non précisé,,il y a 3 jours,Suivi de candidature | Stage Cybersécurité Bac+3 - Lyon H/F | Cette entreprise souhaite rester anonyme | Lyon - 69 | Stage | 4 mois | Voir l’offre | il y a 3 jours,https://www.hellowork.com/fr-fr/emplois/84093802.html,Cybersécurité,Stage,2026-10-05 17:51
Stage - Process Manager - Glpi - Cybersécurité - Toulouse H/FSopra Steria,Non précisé,https://f.hellowork.com/img/entreprises/202495.png?v=20261001112012,il y a 3 jours,Suivi de candidature | Stage - Process Manager - Glpi - Cybersécurité - Toulouse H/F | Sopra Steria | Colomiers - 31 | Stage | Télétravail partiel | Voir l’offre | il y a 3 jours,https://www.hellowork.com/fr-fr/emplois/84096490.html,Cybersécurité,Stage,2026-10-05 17:51
Stage - Consultant - PreventAudit - Cybersécurité - Île de France H/FSopra Steria,Non précisé,https://f.hellowork.com/img/entreprises/202495.png?v=20261001112012,il y a 3 jours,Suivi de candidature | Stage - Consultant - PreventAudit - Cybersécurité - Île de France H/F | Sopra Steria | Courbevoie - 92 | Stage | Télétravail partiel | Voir l’offre | il y a 3 jours,https://www.hellowork.com/fr-fr/emplois/84079638.html,Cybersécurité,Stage,2026-10-05 17:51
Stage - Ingénieur Epp - Edr - Cybersécurité - Île-De-France H/FSopra Steria,Non précisé,https://f.hellowork.com/img/entreprises/202495.png,il y a 1 jour,Suivi de candidature | Stage - Ingénieur Epp - Edr - Cybersécurité - Île-De-France H/F | Sopra Steria | Courbevoie - 92 | Stage | Voir l’offre | il y a 1 jour,https://www.hellowork.com/fr-fr/emplois/84086283.html,Cybersécurité,Stage,2026-10-05 17:51
Stage - Consultant SSI Sécurité des Systèmes d'Information - Prevent - Cybersécurité - Toulouse H/FSopra Steria,Non précisé,https://f.hellowork.com/img/entreprises/202495.png?v=20261001112012,il y a 3 jours,Suivi de candidature | Stage - Consultant SSI Sécurité des Systèmes d'Information - Prevent - Cybersécurité - Toulouse H/F | Sopra Steria | Colomiers - 31 | Stage | Télétravail partiel | Voir l’offre | il y a 3 jours,https://www.hellowork.com/fr-fr/emplois/84079630.html,Cybersécurité,Stage,2026-10-05 17:51
Stage - Ingénieur Cybersécurité Industrielle - Durcissement H/FFramatome,Non précisé,https://f.hellowork.com/img/entreprises/196426.png?v=20261001112011,il y a 3 jours,Stage - Ingénieur Cybersécurité Industrielle - Durcissement H/F | Framatome | Lyon - 69 | Stage | Voir l’offre | il y a 3 jours,https://www.hellowork.com/fr-fr/emplois/84092662.html,Cybersécurité,Stage,2026-10-05 17:51
Stage - Ingénieur Cybersécurité - Protect Data - Île-De-France H/FSopra Steria,Non précisé,https://f.hellowork.com/img/entreprises/202495.png?v=20261001112012,il y a 3 jours,Suivi de candidature | Stage - Ingénieur Cybersécurité - Protect Data - Île-De-France H/F | Sopra Steria | Courbevoie - 92 | Stage | Télétravail partiel | Voir l’offre | il y a 3 jours,https://www.hellowork.com/fr-fr/emplois/84096493.html,Cybersécurité,Stage,2026-10-05 17:51
Développeur - Alternance H/FEEMI Lyon,Non précisé,https://f.hellowork.com/img/entreprises/212533.png?v=20261001112013,il y a 3 jours,Développeur - Alternance H/F | EEMI Lyon | Lyon - 69 | Alternance | 800 - 1 800 € / mois | 12 mois | Voir l’offre | il y a 3 jours,https://www.hellowork.com/fr-fr/emplois/84075458.html,Développement,Alternance,2026-10-05 08:18
Data Engineer - Alternance H/Faivancity,Non précisé,https://f.hellowork.com/img/entreprises/206080.png?v=20261001112013,il y a 3 jours,"Suivi de candidature | Data Engineer - Alternance H/F | aivancity | Villejuif - 94 | Alternance | 954,50 - 1 823,03 € / mois | 12 mois | Voir l’offre | il y a 3 jours",https://www.hellowork.com/fr-fr/emplois/83032311.html,Data,Alternance,2026-10-04 22:43
Data Architect - Alternance H/Faivancity,Non précisé,https://f.hellowork.com/img/entreprises/206080.png?v=20261001112013,il y a 3 jours,"Suivi de candidature | Data Architect - Alternance H/F | aivancity | Villejuif - 94 | Alternance | 954,50 - 1 823,03 € / mois | 12 mois | Voir l’offre | il y a 3 jours",https://www.hellowork.com/fr-fr/emplois/83032317.html,Data,Alternance,2026-10-04 22:43
Data Analyst Alternance H/Faivancity,Non précisé,https://f.hellowork.com/img/entreprises/206080.png,il y a 2 jours,"Suivi de candidature | Data Analyst Alternance H/F | aivancity | Villejuif - 94 | Alternance | 954,50 - 1 823,03 € / mois | 24 mois | Voir l’offre | il y a 2 jours",https://www.hellowork.com/fr-fr/emplois/83032322.html,Data,Alternance,2026-10-04 22:43
Développeuse - Développeur Logiciel Plm - Stage H/FCapgemini,Non précisé,https://f.hellowork.com/img/entreprises/193881.png,il y a 14 heures,Développeuse - Développeur Logiciel Plm - Stage H/F | Capgemini | Issy-les-Moulineaux - 92 | Stage | 6 mois | Voir l’offre | il y a 14 heures,https://www.hellowork.com/fr-fr/emplois/84071236.html,Développement,Stage,2026-10-04 19:09
Développeuse - Développeur Logiciel Plm - Stage H/FCapgemini,Non précisé,https://f.hellowork.com/img/entreprises/193881.png,il y a 16 heures,Développeuse - Développeur Logiciel Plm - Stage H/F | Capgemini | Toulouse - 31 | Stage | 6 mois | Voir l’offre | il y a 16 heures,https://www.hellowork.com/fr-fr/emplois/84071037.html,Développement,Stage,2026-10-04 19:09
Stage Développeur Solutions Content Services H/FCGI,Non précisé,https://f.hellowork.com/img/entreprises/194164.png,il y a 3 jours,Stage Développeur Solutions Content Services H/F | CGI | Nantes - 44 | Stage | Voir l’offre | il y a 3 jours,https://www.hellowork.com/fr-fr/emplois/84036339.html,Développement,Stage,2026-10-03 22:39
Ingénieur Data - IA H/FH3 Campus,Non précisé,https://f.hellowork.com/img/entreprises/209027.png?v=20260604132627,il y a 4 jours,Suivi de candidature | Ingénieur Data - IA H/F | H3 Campus | Paris 14e - 75 | Alternance | 900 - 1 200 € / mois | 2 ans | Voir l’offre | il y a 4 jours,https://www.hellowork.com/fr-fr/emplois/78400063.html,Data,Alternance,2026-10-03 22:39
Stage - Ingénieur IA et Cybersécurité Automobile H/FEMOTORS,Non précisé,https://f.hellowork.com/img/entreprises/195557.png?v=20261001112011,il y a 5 jours,Suivi de candidature | Stage - Ingénieur IA et Cybersécurité Automobile H/F | EMOTORS | Carrières-sous-Poissy - 78 | Stage | Voir l’offre | il y a 5 jours,https://www.hellowork.com/fr-fr/emplois/84065605.html,Cybersécurité,Stage,2026-10-03 16:57
Développeur - Webmaster Alternance H/FArmatis,Non précisé,https://f.hellowork.com/img/entreprises/192760.png?v=20261001112010,il y a 5 jours,"Développeur - Webmaster Alternance H/F | Armatis | Calais - 62 | Alternance | 1 867,02 - 2 000 € / mois | Voir l’offre | il y a 5 jours",https://www.hellowork.com/fr-fr/emplois/82791417.html,Développement,Alternance,2026-10-03 00:09
Alternance - Développeur IA - Bac+3 - Bac+4 H/F,Non précisé,,il y a 5 jours,Suivi de candidature | Alternance - Développeur IA - Bac+3 - Bac+4 H/F | Cette entreprise souhaite rester anonyme | Montpellier - 34 | Alternance | 1 an | Voir l’offre | il y a 5 jours,https://www.hellowork.com/fr-fr/emplois/82958949.html,Développement,Alternance,2026-10-03 00:09
Offre d'Alternance en Apprentissage ai Engineer H/FEcole 18.06,Non précisé,,il y a 8 jours,Suivi de candidature | Offre d'Alternance en Apprentissage ai Engineer H/F | Ecole 18.06 | Nice - Molsheim | Alternance | 2 ans | Voir l’offre | il y a 8 jours,https://www.hellowork.com/fr-fr/emplois/81815592.html,IA,Alternance,2026-10-03 00:09
Stage - Déploiement IA & Transformation Numérique H/FL'Industrie recrute,Non précisé,https://f.hellowork.com/img/entreprises/199036.png,il y a 2 jours,Stage - Déploiement IA & Transformation Numérique H/F | L'Industrie recrute | Pusignan - 69 | Stage | Voir l’offre | il y a 2 jours,https://www.hellowork.com/fr-fr/emplois/84050689.html,IA,Stage,2026-10-03 00:09
Développeur - Développeuse Chatbot IA - Alternance H/FCapgemini,Non précisé,https://f.hellowork.com/img/entreprises/193881.png?v=20261001112010,il y a 5 jours,"Développeur - Développeuse Chatbot IA - Alternance H/F | Capgemini | Toulouse - 31 | Alternance | 492,22 - 1 823,03 € / mois | Voir l’offre | il y a 5 jours",https://www.hellowork.com/fr-fr/emplois/84044045.html,IA,Alternance,2026-10-02 20:20
Data Management Intern H/FBNP Paribas,Non précisé,https://f.hellowork.com/img/entreprises/193475.png,il y a 2 jours,Data Management Intern H/F | BNP Paribas | Puteaux - 92 | Stage | Voir l’offre | il y a 2 jours,https://www.hellowork.com/fr-fr/emplois/84034439.html,Data,Stage,2026-10-02 20:20
Stage Logiciel Intelligence Artificielle Embarquée sur Drône H/FMBDA,Non précisé,https://f.hellowork.com/img/entreprises/199482.png?v=20261001112012,il y a 5 jours,Suivi de candidature | Stage Logiciel Intelligence Artificielle Embarquée sur Drône H/F | MBDA | Le Plessis-Robinson - 92 | Stage | 6 mois | Voir l’offre | il y a 5 jours,https://www.hellowork.com/fr-fr/emplois/84041876.html,IA,Stage,2026-10-02 20:20
Stage - Développement d'Outils Data et Intelligence Artificielle H/FSafran,Non précisé,https://f.hellowork.com/img/entreprises/215443.png?v=20260605150802,il y a 6 jours,Suivi de candidature | Stage - Développement d'Outils Data et Intelligence Artificielle H/F | Safran | Le Haillan - 33 | Stage | 6 mois | Voir l’offre | il y a 6 jours,https://www.hellowork.com/fr-fr/emplois/84034494.html,IA,Stage,2026-10-02 20:20
Stage de Fin d'Études Ingénieur Études de Prix & Intelligence Artificielle H/FRAZEL-BEC,Non précisé,https://f.hellowork.com/img/entreprises/201234.png?v=20260630230511,il y a 20 jours,Suivi de candidature | Stage de Fin d'Études Ingénieur Études de Prix & Intelligence Artificielle H/F | RAZEL-BEC | Tresques - 30 | Stage | Voir l’offre | il y a 20 jours,https://www.hellowork.com/fr-fr/emplois/83522599.html,IA,Stage,2026-10-02 20:20
Stagiaire École - Machine Learning et Détection de la Fraude à la Carte Bancaire H/FEURO INFORMATION,Non précisé,https://f.hellowork.com/img/entreprises/195930.png,il y a 2 jours,Stagiaire École - Machine Learning et Détection de la Fraude à la Carte Bancaire H/F | EURO INFORMATION | Nantes - 44 | Stage | 1 000 - 1 200 € / mois | Voir l’offre | il y a 2 jours,https://www.hellowork.com/fr-fr/emplois/84034248.html,IA,Stage,2026-10-02 20:20
Stage - Ingénieur·e Systèmes et Réseaux - Défense & Sécurité - Aix-En-Provence H/FSopra Steria,Non précisé,https://f.hellowork.com/img/entreprises/202495.png,il y a 2 jours,Suivi de candidature | Stage - Ingénieur·e Systèmes et Réseaux - Défense & Sécurité - Aix-En-Provence H/F | Sopra Steria | Aix-en-Provence - 13 | Stage | Voir l’offre | il y a 2 jours,https://www.hellowork.com/fr-fr/emplois/84025394.html,Cybersécurité,Stage,2026-10-02 20:20
Apprenti Développeur IA H/FTECMA ARIES,Non précisé,https://f.hellowork.com/img/entreprises/211888.png?v=20260707094625,il y a 6 jours,"Suivi de candidature | Apprenti Développeur IA H/F | TECMA ARIES | Super recruteur | Rosières-près-Troyes - 10 | Alternance | 504,10 - 1 867,02 € / mois | 2 ans | Voir l’offre | il y a 6 jours",https://www.hellowork.com/fr-fr/emplois/84024606.html,Développement,Alternance,2026-10-02 15:22
Développeuse - Développeur Fullstack - Stage H/FCapgemini,Non précisé,https://f.hellowork.com/img/entreprises/193881.png?v=20261001112010,il y a 6 jours,Développeuse - Développeur Fullstack - Stage H/F | Capgemini | Lille - 59 | Stage | 6 mois | Voir l’offre | il y a 6 jours,https://www.hellowork.com/fr-fr/emplois/84025104.html,Développement,Stage,2026-10-02 15:22
Développeur IA -Stage H/FAtos,Non précisé,https://f.hellowork.com/img/entreprises/192950.png?v=20261001112010,il y a 6 jours,Développeur IA -Stage H/F | Atos | Lyon - 69 | Stage | 6 mois | Voir l’offre | il y a 6 jours,https://www.hellowork.com/fr-fr/emplois/84025108.html,Développement,Stage,2026-10-02 15:22
Développeur IA - Stage H/FAtos,Non précisé,https://f.hellowork.com/img/entreprises/192950.png?v=20261001112010,il y a 6 jours,Développeur IA - Stage H/F | Atos | Strasbourg - 67 | Stage | 6 mois | Voir l’offre | il y a 6 jours,https://www.hellowork.com/fr-fr/emplois/84000830.html,Développement,Stage,2026-10-02 15:22
Stage Bussines Developer - Sdr H/FAK Recrutement,Non précisé,https://f.hellowork.com/img/entreprises/192282.png?v=20260604173515,il y a 6 jours,Stage Bussines Developer - Sdr H/F | AK Recrutement | Lyon 3e - 69 | Stage | 2 mois | Voir l’offre | il y a 6 jours,https://www.hellowork.com/fr-fr/emplois/84029705.html,Développement,Stage,2026-10-02 15:22
Alternance Data Visualization Engineer - Puteaux H/FISCOD,Non précisé,https://f.hellowork.com/img/entreprises/198022.png,il y a 2 jours,"Alternance Data Visualization Engineer - Puteaux H/F | ISCOD | Puteaux - 92 | Alternance | 492,22 - 1 823,03 € / mois | Voir l’offre | il y a 2 jours",https://www.hellowork.com/fr-fr/emplois/84019928.html,Data,Alternance,2026-10-02 15:22
Stagiaire IA Data - 4 Année H/FEau de Paris,Non précisé,https://f.hellowork.com/img/entreprises/195319.png?v=20261001112011,il y a 6 jours,Suivi de candidature | Stagiaire IA Data - 4 Année H/F | Eau de Paris | Paris - 75 | Stage | 4 mois | Voir l’offre | il y a 6 jours,https://www.hellowork.com/fr-fr/emplois/84025799.html,Data,Stage,2026-10-02 15:22
Chef de Projet IA H/FBassetti,Non précisé,https://f.hellowork.com/img/entreprises/193204.png?v=20261001112010,il y a 6 jours,Suivi de candidature | Chef de Projet IA H/F | Bassetti | Grenoble - 38 | Stage | 6 mois | Voir l’offre | il y a 6 jours,https://www.hellowork.com/fr-fr/emplois/84027322.html,IA,Stage,2026-10-02 15:22
Stage Ingénierie Système Développement de Solutions IA H/FMBDA,Non précisé,https://f.hellowork.com/img/entreprises/199482.png,il y a 2 jours,Suivi de candidature | Stage Ingénierie Système Développement de Solutions IA H/F | MBDA | Le Plessis-Robinson - 92 | Stage | 6 mois | Voir l’offre | il y a 2 jours,https://www.hellowork.com/fr-fr/emplois/84026926.html,IA,Stage,2026-10-02 15:22
Stage Ingénieur IA Industrielle Machine Learning & Deep Learning H/FNTN Europe,Non précisé,https://f.hellowork.com/img/entreprises/200196.png?v=20261001112012,il y a 6 jours,Suivi de candidature | Stage Ingénieur IA Industrielle Machine Learning & Deep Learning H/F | NTN Europe | Super recruteur | Annecy - 74 | Stage | 650 € / mois | Voir l’offre | il y a 6 jours,https://www.hellowork.com/fr-fr/emplois/84001564.html,IA,Stage,2026-10-02 15:22
Alternant Analyste Cybersécurité H/FNEXA Digital School,Non précisé,https://f.hellowork.com/img/entreprises/200053.png,il y a 15 jours,Alternant Analyste Cybersécurité H/F | NEXA Digital School | Marseille - 13 | Alternance | Télétravail occasionnel | 24 mois | Voir l’offre | il y a 15 jours,https://www.hellowork.com/fr-fr/emplois/81509877.html,Cybersécurité,Alternance,2026-10-02 15:22
Stagiaire Cybersécurité H/FMONEXT,Non précisé,https://f.hellowork.com/img/entreprises/199778.png?v=20260604132627,il y a 6 jours,Suivi de candidature | Stagiaire Cybersécurité H/F | MONEXT | Aix-en-Provence - 13 | Stage | Voir l’offre | il y a 6 jours,https://www.hellowork.com/fr-fr/emplois/84002415.html,Cybersécurité,Stage,2026-10-02 15:22
Juriste Protection des Données - Stage H/FCapgemini,Non précisé,https://f.hellowork.com/img/entreprises/193881.png,il y a 1 jour,Juriste Protection des Données - Stage H/F | Capgemini | Issy-les-Moulineaux - 92 | Stage | Télétravail occasionnel | 6 mois | Voir l’offre | il y a 1 jour,https://www.hellowork.com/fr-fr/emplois/84000724.html,Cybersécurité,Stage,2026-10-02 15:22
Stage - Ingénieur·e Systèmes et Réseaux - Défense & Sécurité - le Plessis-Robinson - Rungis H/FSopra Steria,Non précisé,https://f.hellowork.com/img/entreprises/202495.png,il y a 2 jours,Suivi de candidature | Stage - Ingénieur·e Systèmes et Réseaux - Défense & Sécurité - le Plessis-Robinson - Rungis H/F | Sopra Steria | Le Plessis-Robinson - 92 | Stage | Voir l’offre | il y a 2 jours,https://www.hellowork.com/fr-fr/emplois/84025393.html,Cybersécurité,Stage,2026-10-02 15:22
Développeur Informatique en Alternance H/FMEWO campus des métiers,Non précisé,https://f.hellowork.com/img/entreprises/199632.png?v=20260604132627,il y a 6 jours,"Suivi de candidature | Développeur Informatique en Alternance H/F | MEWO campus des métiers | Thionville - 57 | Alternance | 783,90 - 1 823,03 € / mois | Télétravail occasionnel | + 1 | Voir l’offre | il y a 6 jours",https://www.hellowork.com/fr-fr/emplois/83999216.html,Développement,Alternance,2026-10-02 08:22
Alternance Développeur DevOps Azure - Puteaux H/FISCOD,Non précisé,https://f.hellowork.com/img/entreprises/198022.png,il y a 1 jour,"Alternance Développeur DevOps Azure - Puteaux H/F | ISCOD | Puteaux - 92 | Alternance | 492,22 - 1 823,03 € / mois | Voir l’offre | il y a 1 jour",https://www.hellowork.com/fr-fr/emplois/83988787.html,Développement,Alternance,2026-10-01 22:36
Ingénieur Data - DevOps en Alternance H/FLACROIXSAVAC,Non précisé,https://f.hellowork.com/img/entreprises/190126.png,il y a 3 jours,Ingénieur Data - DevOps en Alternance H/F | LACROIXSAVAC | Paris 8e - 75 | Alternance | 24 mois | Voir l’offre | il y a 3 jours,https://www.hellowork.com/fr-fr/emplois/83967596.html,Data,Alternance,2026-10-01 22:36
Stage Développeur H/FCGI,Non précisé,https://f.hellowork.com/img/entreprises/194164.png?v=20261001112011,il y a 7 jours,Stage Développeur H/F | CGI | Montpellier - 34 | Stage | Voir l’offre | il y a 7 jours,https://www.hellowork.com/fr-fr/emplois/83985277.html,Développement,Stage,2026-10-01 17:59
Stage Développeur H/FCGI,Non précisé,https://f.hellowork.com/img/entreprises/194164.png?v=20261001112011,il y a 7 jours,Stage Développeur H/F | CGI | Toulouse - 31 | Stage | Voir l’offre | il y a 7 jours,https://www.hellowork.com/fr-fr/emplois/83985288.html,Développement,Stage,2026-10-01 17:59
Stage Développeur Informatique H/FFrench Flair Agency,Non précisé,https://f.hellowork.com/img/entreprises/196476.png?v=20260915000109,il y a 7 jours,Suivi de candidature | Stage Développeur Informatique H/F | French Flair Agency | Paris 15e - 75 | Stage | Télétravail occasionnel | 6 mois | Voir l’offre | il y a 7 jours,https://www.hellowork.com/fr-fr/emplois/83980096.html,Développement,Stage,2026-10-01 17:59
Développeur Scientifique - Stage H/FAtos,Non précisé,https://f.hellowork.com/img/entreprises/192950.png?v=20261001112010,il y a 7 jours,Développeur Scientifique - Stage H/F | Atos | Clermont-Ferrand - 63 | Stage | 6 mois | Voir l’offre | il y a 7 jours,https://www.hellowork.com/fr-fr/emplois/83986045.html,Développement,Stage,2026-10-01 17:59
Développeur Nouvelles Technologies - Stage H/FAtos,Non précisé,https://f.hellowork.com/img/entreprises/192950.png?v=20261001112010,il y a 7 jours,Développeur Nouvelles Technologies - Stage H/F | Atos | Clermont-Ferrand - 63 | Stage | 6 mois | Voir l’offre | il y a 7 jours,https://www.hellowork.com/fr-fr/emplois/83985772.html,Développement,Stage,2026-10-01 17:59
Stage Développeur Marketing Technologies & Data H/FCGI,Non précisé,https://f.hellowork.com/img/entreprises/194164.png?v=20261001112011,il y a 7 jours,Stage Développeur Marketing Technologies & Data H/F | CGI | Montpellier - 34 | Stage | Voir l’offre | il y a 7 jours,https://www.hellowork.com/fr-fr/emplois/83985280.html,Data,Stage,2026-10-01 17:59
Alternance Transformation Digitale Data et Migration CRM - Montreuil H/FISCOD,Non précisé,https://f.hellowork.com/img/entreprises/198022.png?v=20260604132627,il y a 7 jours,"Alternance Transformation Digitale Data et Migration CRM - Montreuil H/F | ISCOD | Montreuil - 93 | Alternance | 492,22 - 1 823,03 € / mois | Voir l’offre | il y a 7 jours",https://www.hellowork.com/fr-fr/emplois/83982320.html,Data,Alternance,2026-10-01 17:59
Data Engineering - Stage H/FAtos,Non précisé,https://f.hellowork.com/img/entreprises/192950.png?v=20261001112010,il y a 7 jours,Data Engineering - Stage H/F | Atos | Clermont-Ferrand - 63 | Stage | 6 mois | Voir l’offre | il y a 7 jours,https://www.hellowork.com/fr-fr/emplois/83986031.html,Data,Stage,2026-10-01 17:59
Stage Développeur Marketing Technologies & Data H/FCGI,Non précisé,https://f.hellowork.com/img/entreprises/194164.png?v=20261001112011,il y a 7 jours,Stage Développeur Marketing Technologies & Data H/F | CGI | Toulouse - 31 | Stage | Voir l’offre | il y a 7 jours,https://www.hellowork.com/fr-fr/emplois/83985292.html,Data,Stage,2026-10-01 17:59
Stage - Ingénieur R&D Data Sig Géomatique H/FNaTran,Non précisé,https://f.hellowork.com/img/entreprises/199969.png?v=20261001112012,il y a 7 jours,Suivi de candidature | Stage - Ingénieur R&D Data Sig Géomatique H/F | NaTran | Villeneuve-la-Garenne - 92 | Stage | 6 mois | Voir l’offre | il y a 7 jours,https://www.hellowork.com/fr-fr/emplois/83981784.html,Data,Stage,2026-10-01 17:59
Alternance - Chef.Fe de Projet IA & Transformation H/FIriig,Non précisé,https://f.hellowork.com/img/entreprises/198005.png,il y a 3 jours,"Suivi de candidature | Alternance - Chef.Fe de Projet IA & Transformation H/F | Iriig | Lyon - 69 | Alternance | 1 138,88 - 1 456,28 € / mois | 1 an | Voir l’offre | il y a 3 jours",https://www.hellowork.com/fr-fr/emplois/83981770.html,IA,Alternance,2026-10-01 17:59
Stage Ingénieur Génie Industriel & Intelligence Artificielle H/FGROUPE OTS,Non précisé,,il y a 7 jours,Suivi de candidature | Stage Ingénieur Génie Industriel & Intelligence Artificielle H/F | GROUPE OTS | Morbihan - 56 | Stage | 4 mois | Voir l’offre | il y a 7 jours,https://www.hellowork.com/fr-fr/emplois/83977722.html,IA,Stage,2026-10-01 17:59
Stage - Etude sur l'Intégration de l'IA dans nos Métiers de Maintenance Mco H/FNaval Group,Non précisé,https://f.hellowork.com/img/entreprises/199974.png,il y a 3 jours,Stage - Etude sur l'Intégration de l'IA dans nos Métiers de Maintenance Mco H/F | Naval Group | Brest - 29 | Stage | 1 150 € / mois | Voir l’offre | il y a 3 jours,https://www.hellowork.com/fr-fr/emplois/83985808.html,IA,Stage,2026-10-01 17:59
Stage - Développement d'Un Agent IA pour Génération de Modèles Métiers - Défense & Sécurité - Aix-En-Provence H/FSopra Steria,Non précisé,https://f.hellowork.com/img/entreprises/202495.png,il y a 1 jour,Suivi de candidature | Stage - Développement d'Un Agent IA pour Génération de Modèles Métiers - Défense & Sécurité - Aix-En-Provence H/F | Sopra Steria | Aix-en-Provence - 13 | Stage | Voir l’offre | il y a 1 jour,https://www.hellowork.com/fr-fr/emplois/83981300.html,IA,Stage,2026-10-01 17:59
Stage - Ingénieur - Détection Anomalie par IA H/FGroupe SII,Non précisé,https://f.hellowork.com/img/entreprises/197178.png?v=20261001112011,il y a 7 jours,Résultats proches | Les offres ci-dessous sont basées sur les mots-clés de votre recherche | Suivi de candidature | Stage - Ingénieur - Détection Anomalie par IA H/F | Groupe SII | Super recruteur | Toulouse - 31 | Stage | 12 000 € / an | Voir l’offre | il y a 7 jours,https://www.hellowork.com/fr-fr/emplois/83982224.html,IA,Stage,2026-10-01 17:59
Stage - Recherche Gnn en Planification H/FGroupe SII,Non précisé,https://f.hellowork.com/img/entreprises/197178.png?v=20261001112011,il y a 7 jours,Suivi de candidature | Stage - Recherche Gnn en Planification H/F | Groupe SII | Super recruteur | Toulouse - 31 | Stage | 12 000 € / an | Voir l’offre | il y a 7 jours,https://www.hellowork.com/fr-fr/emplois/83986988.html,IA,Stage,2026-10-01 17:59
Stage - Ingénieur R&D - Génération de Scénarii Aéroportuaires H/FGroupe SII,Non précisé,https://f.hellowork.com/img/entreprises/197178.png?v=20261001112011,il y a 7 jours,Suivi de candidature | Stage - Ingénieur R&D - Génération de Scénarii Aéroportuaires H/F | Groupe SII | Super recruteur | Toulouse - 31 | Stage | 12 000 € / an | Voir l’offre | il y a 7 jours,https://www.hellowork.com/fr-fr/emplois/83986987.html,IA,Stage,2026-10-01 17:59
Stage Steering Llm To Inhibit Biases- Saclay H/FCEA,Non précisé,https://f.hellowork.com/img/entreprises/194020.png,il y a 4 jours,Stage Steering Llm To Inhibit Biases- Saclay H/F | CEA | Saclay - 91 | Stage | 6 mois | Voir l’offre | il y a 4 jours,https://www.hellowork.com/fr-fr/emplois/83980062.html,IA,Stage,2026-10-01 17:59
Stage - Développement d'Évolutions dans un Mantis Customisé - Défense & Sécurité - Aix-En-Provence H/FSopra Steria,Non précisé,https://f.hellowork.com/img/entreprises/202495.png,il y a 4 jours,Suivi de candidature | Stage - Développement d'Évolutions dans un Mantis Customisé - Défense & Sécurité - Aix-En-Provence H/F | Sopra Steria | Aix-en-Provence - 13 | Stage | Voir l’offre | il y a 4 jours,https://www.hellowork.com/fr-fr/emplois/83981304.html,Cybersécurité,Stage,2026-10-01 17:59
Stage - Ingénieur d'Étude Développeur - Liaison de Données Tactiques - Passerelle d'Interconnexion de Simulateurs - Défense & Sécurité - Aix en Provence H/FSopra Steria,Non précisé,https://f.hellowork.com/img/entreprises/202495.png,il y a 3 jours,Suivi de candidature | Stage - Ingénieur d'Étude Développeur - Liaison de Données Tactiques - Passerelle d'Interconnexion de Simulateurs - Défense & Sécurité - Aix en Provence H/F | Sopra Steria | Aix-en-Provence - 13 | Stage | Voir l’offre | il y a 3 jours,https://www.hellowork.com/fr-fr/emplois/83981305.html,Cybersécurité,Stage,2026-10-01 17:59
Stage - Ingénieur d'Étude Développeur - Liaison de Données Tactiques - Logiciel de Conception de Réseau L16 - Défense & Sécurité - Aix en Provence H/FSopra Steria,Non précisé,https://f.hellowork.com/img/entreprises/202495.png,il y a 3 jours,Suivi de candidature | Stage - Ingénieur d'Étude Développeur - Liaison de Données Tactiques - Logiciel de Conception de Réseau L16 - Défense & Sécurité - Aix en Provence H/F | Sopra Steria | Aix-en-Provence - 13 | Stage | Voir l’offre | il y a 3 jours,https://www.hellowork.com/fr-fr/emplois/83981312.html,Cybersécurité,Stage,2026-10-01 17:59
Alternance - Data Analyst H/FMBWAY Lille,Non précisé,https://f.hellowork.com/img/entreprises/199491.png,il y a 5 jours,"Suivi de candidature | Alternance - Data Analyst H/F | MBWAY Lille | Marcq-en-Barœul - 59 | Alternance | 504,10 - 1 867,02 € / mois | 2 ans | Voir l’offre | il y a 5 jours",https://www.hellowork.com/fr-fr/emplois/83966879.html,Data,Alternance,2026-10-01 11:21
Stage - Data Governor des Données Opérationnelles - Assistant H/FNaval Group,Non précisé,https://f.hellowork.com/img/entreprises/199974.png,il y a 8 heures,Stage - Data Governor des Données Opérationnelles - Assistant H/F | Naval Group | Ollioules - 83 | Stage | 1 150 € / mois | 6 mois | Voir l’offre | il y a 8 heures,https://www.hellowork.com/fr-fr/emplois/83968082.html,Data,Stage,2026-10-01 11:21
Stage Ingénieur·e Intelligence Artificielle H/FGroupe SII,Non précisé,https://f.hellowork.com/img/entreprises/197178.png?v=20261001112011,il y a 7 jours,Suivi de candidature | Stage Ingénieur·e Intelligence Artificielle H/F | Groupe SII | Super recruteur | La Défense - 92 | Stage | 8 400 - 9 000 € / an | Voir l’offre | il y a 7 jours,https://www.hellowork.com/fr-fr/emplois/83963681.html,IA,Stage,2026-10-01 11:21
Stage Logiciel Conception d'Un Assistant IA pour l'Automatisation de Conception de Système H/FMBDA,Non précisé,https://f.hellowork.com/img/entreprises/199482.png,il y a 1 jour,Suivi de candidature | Stage Logiciel Conception d'Un Assistant IA pour l'Automatisation de Conception de Système H/F | MBDA | Bourges - 18 | Stage | 6 mois | Voir l’offre | il y a 1 jour,https://www.hellowork.com/fr-fr/emplois/83967134.html,IA,Stage,2026-10-01 11:21
Stage - Chargé de Projets IA & Développement Commercial H/FT.E.A Consulting,Non précisé,,il y a 1 jour,Suivi de candidature | Stage - Chargé de Projets IA & Développement Commercial H/F | T.E.A Consulting | Lyon - 69 | Stage | 6 mois | Voir l’offre | il y a 1 jour,https://www.hellowork.com/fr-fr/emplois/83964542.html,IA,Stage,2026-10-01 11:21
Stage - Ingénieur - Gestion des IA Génératives Trust IA H/FGroupe SII,Non précisé,https://f.hellowork.com/img/entreprises/197178.png,Non précisée,Suivi de candidature | Stage - Ingénieur - Gestion des IA Génératives Trust IA H/F | Groupe SII | Super recruteur | Toulouse - 31 | Stage | Voir l’offre | moins d'une heure,https://www.hellowork.com/fr-fr/emplois/83969871.html,IA,Stage,2026-10-01 11:21
Stage Logiciel Optimisation de Paramètres Effecteurs par Machine Learning H/FMBDA,Non précisé,https://f.hellowork.com/img/entreprises/199482.png?v=20261001112012,il y a 7 jours,Suivi de candidature | Stage Logiciel Optimisation de Paramètres Effecteurs par Machine Learning H/F | MBDA | Le Plessis-Robinson - 92 | Stage | 6 mois | Voir l’offre | il y a 7 jours,https://www.hellowork.com/fr-fr/emplois/83967142.html,IA,Stage,2026-10-01 11:21
Stage -Ingénieur- R&D - Détection de Fraude Téléphonique Safe Talk H/FGroupe SII,Non précisé,https://f.hellowork.com/img/entreprises/197178.png?v=20261001112011,il y a 7 jours,Suivi de candidature | Stage -Ingénieur- R&D - Détection de Fraude Téléphonique Safe Talk H/F | Groupe SII | Super recruteur | Toulouse - 31 | Stage | 12 000 € / an | Voir l’offre | il y a 7 jours,https://www.hellowork.com/fr-fr/emplois/83969929.html,IA,Stage,2026-10-01 11:21
Stage - Ingénieur Développement - Défense et Sécurité - le Plessis-Robinson - Rungis H/FSopra Steria,Non précisé,https://f.hellowork.com/img/entreprises/202495.png,il y a 5 jours,Suivi de candidature | Stage - Ingénieur Développement - Défense et Sécurité - le Plessis-Robinson - Rungis H/F | Sopra Steria | Le Plessis-Robinson - 92 | Stage | Voir l’offre | il y a 5 jours,https://www.hellowork.com/fr-fr/emplois/83968169.html,Cybersécurité,Stage,2026-10-01 11:21
Stage - Ingénieur d'Étude Développeur - Liaison de Données Tactiques - Logiciel d'Extraction de Trames Ldt - Défense & Sécurité - Aix en Provence H/FSopra Steria,Non précisé,https://f.hellowork.com/img/entreprises/202495.png,il y a 3 jours,Suivi de candidature | Stage - Ingénieur d'Étude Développeur - Liaison de Données Tactiques - Logiciel d'Extraction de Trames Ldt - Défense & Sécurité - Aix en Provence H/F | Sopra Steria | Aix-en-Provence - 13 | Stage | Voir l’offre | il y a 3 jours,https://www.hellowork.com/fr-fr/emplois/83968162.html,Cybersécurité,Stage,2026-10-01 11:21
Stage - Bac+4 - +5 - Analyse de Signaux et Construction de Modèles à Base de Deep Learning H/FCEA,Non précisé,https://f.hellowork.com/img/entreprises/194020.png,il y a 9 heures,Stage - Bac+4 - +5 - Analyse de Signaux et Construction de Modèles à Base de Deep Learning H/F | CEA | Occitanie | Stage | 6 mois | Voir l’offre | il y a 9 heures,https://www.hellowork.com/fr-fr/emplois/83960113.html,IA,Stage,2026-10-01 04:06
Stage Surrogate Modeling Hybride pour Systèmes Physiques H/FSafran,Non précisé,https://f.hellowork.com/img/entreprises/215443.png,il y a 6 jours,Suivi de candidature | Stage Surrogate Modeling Hybride pour Systèmes Physiques H/F | Safran | Châteaufort - 78 | Stage | 6 mois | Voir l’offre | il y a 6 jours,https://www.hellowork.com/fr-fr/emplois/83898237.html,IA,Stage,2026-09-30 23:27
Stage Traitement d'Images Reconnaissance Multi-Vues par Intelligence Artificielle H/FMBDA,Non précisé,https://f.hellowork.com/img/entreprises/199482.png?v=20261001112012,il y a 8 jours,Suivi de candidature | Stage Traitement d'Images Reconnaissance Multi-Vues par Intelligence Artificielle H/F | MBDA | Le Plessis-Robinson - 92 | Stage | 6 mois | Voir l’offre | il y a 8 jours,https://www.hellowork.com/fr-fr/emplois/83950530.html,IA,Stage,2026-09-30 19:48
Stage - Mise en Place d'Un Llm Local pour la Recherche de Vulnérabilités Cyber H/FSafran,Non précisé,https://f.hellowork.com/img/entreprises/215443.png?v=20260605150802,il y a 8 jours,Suivi de candidature | Stage - Mise en Place d'Un Llm Local pour la Recherche de Vulnérabilités Cyber H/F | Safran | Massy - 91 | Stage | 6 mois | Voir l’offre | il y a 8 jours,https://www.hellowork.com/fr-fr/emplois/83950275.html,Cybersécurité,Stage,2026-09-30 19:48
Alternant Bac+4 - +5 Développeur Informatique - CFA Insta - Paris H/FCFA INSTA,Non précisé,https://f.hellowork.com/img/entreprises/194150.png,il y a 1 jour,Suivi de candidature | Alternant Bac+4 - +5 Développeur Informatique - CFA Insta - Paris H/F | CFA INSTA | Paris - 75 | Alternance | 2 ans | Voir l’offre | il y a 1 jour,https://www.hellowork.com/fr-fr/emplois/83889247.html,Développement,Alternance,2026-09-30 14:43
Stage In Data & ai H/FExail,Non précisé,https://f.hellowork.com/img/entreprises/196003.png?v=20261001112011,il y a 8 jours,Stage In Data & ai H/F | Exail | Belgique | Stage | Temps partiel | 9 mois | Voir l’offre | il y a 8 jours,https://www.hellowork.com/fr-fr/emplois/83927565.html,Data,Stage,2026-09-30 14:43
Support Data et Projets Commerce Aftermarket H/FSafran,Non précisé,https://f.hellowork.com/img/entreprises/215443.png?v=20260605150802,il y a 8 jours,Suivi de candidature | Support Data et Projets Commerce Aftermarket H/F | Safran | Vélizy-Villacoublay - 78 | Stage | 4 mois | Voir l’offre | il y a 8 jours,https://www.hellowork.com/fr-fr/emplois/83929176.html,Data,Stage,2026-09-30 14:43
Stage - Ingénieur·e Cybersécurité - Data Science H/FGroupe SII,Non précisé,https://f.hellowork.com/img/entreprises/197178.png?v=20261001112011,il y a 8 jours,Suivi de candidature | Stage - Ingénieur·e Cybersécurité - Data Science H/F | Groupe SII | Super recruteur | Vélizy-Villacoublay - 78 | Stage | 16 800 - 18 000 € / an | Voir l’offre | il y a 8 jours,https://www.hellowork.com/fr-fr/emplois/83940682.html,Cybersécurité,Stage,2026-09-30 14:43
Stage Data Implémentation d'Un Entrepôt de Données Industrielles H/FMBDA,Non précisé,https://f.hellowork.com/img/entreprises/199482.png?v=20261001112012,il y a 8 jours,Suivi de candidature | Stage Data Implémentation d'Un Entrepôt de Données Industrielles H/F | MBDA | Bourges - 18 | Stage | 6 mois | Voir l’offre | il y a 8 jours,https://www.hellowork.com/fr-fr/emplois/83938500.html,Data,Stage,2026-09-30 14:43
Stage Ingénierie Système Développement de Solutions de Data et d'Intelligence Artificielle H/FMBDA,Non précisé,https://f.hellowork.com/img/entreprises/199482.png,il y a 6 jours,Suivi de candidature | Stage Ingénierie Système Développement de Solutions de Data et d'Intelligence Artificielle H/F | MBDA | Le Plessis-Robinson - 92 | Stage | 6 mois | Voir l’offre | il y a 6 jours,https://www.hellowork.com/fr-fr/emplois/83930948.html,IA,Stage,2026-09-30 14:43
Stage - Ingénieur - Détection Anomalie par IA H/FGroupe SII,Non précisé,https://f.hellowork.com/img/entreprises/197178.png,il y a 21 heures,Résultats proches | Les offres ci-dessous sont basées sur les mots-clés de votre recherche | Suivi de candidature | Stage - Ingénieur - Détection Anomalie par IA H/F | Groupe SII | Super recruteur | Toulouse - 31 | Stage | Voir l’offre | il y a 21 heures,https://www.hellowork.com/fr-fr/emplois/83940424.html,IA,Stage,2026-09-30 14:43
Stage Simulation Numériques Développement d'Algorithmes de Machine Learning pour Logiciel H/FMBDA,Non précisé,https://f.hellowork.com/img/entreprises/199482.png?v=20261001112012,il y a 8 jours,Suivi de candidature | Stage Simulation Numériques Développement d'Algorithmes de Machine Learning pour Logiciel H/F | MBDA | Le Plessis-Robinson - 92 | Stage | 6 mois | Voir l’offre | il y a 8 jours,https://www.hellowork.com/fr-fr/emplois/83930942.html,IA,Stage,2026-09-30 14:43
Stage - IA Agentique pour l'Exploitation des Données de Banc d'Essais Moteur Aéronautique H/FSafran,Non précisé,https://f.hellowork.com/img/entreprises/215443.png,il y a 13 heures,Suivi de candidature | Stage - IA Agentique pour l'Exploitation des Données de Banc d'Essais Moteur Aéronautique H/F | Safran | Châteaufort - 78 | Stage | 6 mois | Voir l’offre | il y a 13 heures,https://www.hellowork.com/fr-fr/emplois/83941464.html,IA,Stage,2026-09-30 14:43
Alternance - Analyste Cybersécurité H/FNEXA Digital School,Non précisé,https://f.hellowork.com/img/entreprises/200053.png?v=20260915121034,il y a 13 jours,Alternance - Analyste Cybersécurité H/F | NEXA Digital School | Paris - 75 | Alternance | 1 an | Voir l’offre | il y a 13 jours,https://www.hellowork.com/fr-fr/emplois/77228685.html,Cybersécurité,Alternance,2026-09-30 14:43
Stage Ingénieur·e R&D - Cybersécurité Offensive H/FGroupe SII,Non précisé,https://f.hellowork.com/img/entreprises/197178.png?v=20261001112011,il y a 8 jours,Suivi de candidature | Stage Ingénieur·e R&D - Cybersécurité Offensive H/F | Groupe SII | Super recruteur | Vélizy-Villacoublay - 78 | Stage | 16 800 - 18 000 € / an | Voir l’offre | il y a 8 jours,https://www.hellowork.com/fr-fr/emplois/83940646.html,Cybersécurité,Stage,2026-09-30 14:43
Stage - Chef - Fe de Projet - Cybersécurité - Toulouse H/FSopra Steria,Non précisé,https://f.hellowork.com/img/entreprises/202495.png?v=20261001112012,il y a 8 jours,Suivi de candidature | Stage - Chef - Fe de Projet - Cybersécurité - Toulouse H/F | Sopra Steria | Colomiers - 31 | Stage | Télétravail partiel | Voir l’offre | il y a 8 jours,https://www.hellowork.com/fr-fr/emplois/83927315.html,Cybersécurité,Stage,2026-09-30 14:43
Stage - Chef - Fe de Projet - Cybersécurité - Île-De-France H/FSopra Steria,Non précisé,https://f.hellowork.com/img/entreprises/202495.png?v=20261001112012,il y a 8 jours,Suivi de candidature | Stage - Chef - Fe de Projet - Cybersécurité - Île-De-France H/F | Sopra Steria | Courbevoie - 92 | Stage | Télétravail partiel | Voir l’offre | il y a 8 jours,https://www.hellowork.com/fr-fr/emplois/83927397.html,Cybersécurité,Stage,2026-09-30 14:43
Alternance Consultant Cybersécurité - Bron H/FISCOD,Non précisé,https://f.hellowork.com/img/entreprises/198022.png?v=20260604132627,il y a 8 jours,"Alternance Consultant Cybersécurité - Bron H/F | ISCOD | Bron - 69 | Alternance | 492,22 - 1 823,03 € / mois | Voir l’offre | il y a 8 jours",https://www.hellowork.com/fr-fr/emplois/83940495.html,Cybersécurité,Alternance,2026-09-30 14:43
Stage Développeur Full-Stack - Défense et Sécurité - Tours H/FSopra Steria,Non précisé,https://f.hellowork.com/img/entreprises/202495.png,il y a 1 jour,Suivi de candidature | Stage Développeur Full-Stack - Défense et Sécurité - Tours H/F | Sopra Steria | Tours - 37 | Stage | Voir l’offre | il y a 1 jour,https://www.hellowork.com/fr-fr/emplois/83927328.html,Cybersécurité,Stage,2026-09-30 14:43
Stage Ingénieur·e Développement Logiciel C++ - Défense & Sécurité - le Plessis-Robinson H/FSopra Steria,Non précisé,https://f.hellowork.com/img/entreprises/202495.png,il y a 10 heures,Suivi de candidature | Stage Ingénieur·e Développement Logiciel C++ - Défense & Sécurité - le Plessis-Robinson H/F | Sopra Steria | Le Plessis-Robinson - 92 | Stage | Voir l’offre | il y a 10 heures,https://www.hellowork.com/fr-fr/emplois/83927319.html,Cybersécurité,Stage,2026-09-30 14:43
Alternance Security Officer H/FCapgemini,Non précisé,https://f.hellowork.com/img/entreprises/193881.png?v=20261001112010,il y a 13 jours,Alternance Security Officer H/F | Capgemini | Issy-les-Moulineaux - 92 | Alternance | 17 000 - 26 000 KWD / an | Télétravail occasionnel | + 1 | Voir l’offre | il y a 13 jours,https://www.hellowork.com/fr-fr/emplois/83718505.html,Cybersécurité,Alternance,2026-09-30 07:57
Alternance Technicien Data - Data Management ERP - Signes H/FISCOD,Non précisé,https://f.hellowork.com/img/entreprises/198022.png?v=20260604132627,il y a 8 jours,"Alternance Technicien Data - Data Management ERP - Signes H/F | ISCOD | Signes - 83 | Alternance | 492,22 - 1 823,03 € / mois | Voir l’offre | il y a 8 jours",https://www.hellowork.com/fr-fr/emplois/83914869.html,Data,Alternance,2026-09-30 01:03
Assistant Data en Alternance H/FAgrial,Non précisé,https://f.hellowork.com/img/entreprises/206076.png,il y a 7 jours,"Suivi de candidature | Assistant Data en Alternance H/F | Agrial | Cesson-Sévigné - 35 | Alternance | 492,22 - 1 823,03 € / mois | Voir l’offre | il y a 7 jours",https://www.hellowork.com/fr-fr/emplois/81885765.html,Data,Alternance,2026-09-30 01:03
Alternance - Data Analyst H/FL'Industrie recrute,Non précisé,https://f.hellowork.com/img/entreprises/199036.png,il y a 6 jours,"Alternance - Data Analyst H/F | L'Industrie recrute | Mantes-la-Jolie - 78 | Alternance | 492,22 - 1 823,03 € / mois | Voir l’offre | il y a 6 jours",https://www.hellowork.com/fr-fr/emplois/81880727.html,Data,Alternance,2026-09-30 01:03
Data Engineer Junior - Alternance H/FDigital School of Paris,Non précisé,https://f.hellowork.com/img/entreprises/206449.png,il y a 3 jours,Suivi de candidature | Data Engineer Junior - Alternance H/F | Digital School of Paris | Levallois-Perret - 92 | Alternance | 24 mois | Voir l’offre | il y a 3 jours,https://www.hellowork.com/fr-fr/emplois/79509182.html,Data,Alternance,2026-09-29 21:50
Alternance Développeur Backend PHP - Symfony & IA - Lille H/FISCOD,Non précisé,https://f.hellowork.com/img/entreprises/198022.png?v=20260604132627,il y a 9 jours,"Alternance Développeur Backend PHP - Symfony & IA - Lille H/F | ISCOD | Lille - 59 | Alternance | 492,22 - 1 823,03 € / mois | Voir l’offre | il y a 9 jours",https://www.hellowork.com/fr-fr/emplois/83898316.html,Développement,Alternance,2026-09-29 17:36
Data Engineer - en Alternance H/FCarrefour,Non précisé,https://f.hellowork.com/img/entreprises/193931.png,il y a 8 jours,Data Engineer - en Alternance H/F | Carrefour | Massy - 91 | Alternance | 1 200 € / mois | Télétravail partiel | Voir l’offre | il y a 8 jours,https://www.hellowork.com/fr-fr/emplois/83892083.html,Data,Alternance,2026-09-29 17:36
Stage IA Générative pour la Conception H/FSafran,Non précisé,https://f.hellowork.com/img/entreprises/215443.png,il y a 3 jours,Suivi de candidature | Stage IA Générative pour la Conception H/F | Safran | Châteaufort - 78 | Stage | 6 mois | Voir l’offre | il y a 3 jours,https://www.hellowork.com/fr-fr/emplois/83903233.html,IA,Stage,2026-09-29 17:36
Stage - Développement d'Un Assistant IA Générative pour le Knowledge Management - Colomiers H/FSopra Steria,Non précisé,https://f.hellowork.com/img/entreprises/202495.png,il y a 1 jour,Suivi de candidature | Stage - Développement d'Un Assistant IA Générative pour le Knowledge Management - Colomiers H/F | Sopra Steria | Colomiers - 31 | Stage | Voir l’offre | il y a 1 jour,https://www.hellowork.com/fr-fr/emplois/83901325.html,IA,Stage,2026-09-29 17:36
Stage - IA et Management Opérationnel en Ingénierie - Industrie - le Plessis Robinson H/FSopra Steria,Non précisé,https://f.hellowork.com/img/entreprises/202495.png,il y a 1 jour,Suivi de candidature | Stage - IA et Management Opérationnel en Ingénierie - Industrie - le Plessis Robinson H/F | Sopra Steria | Le Plessis-Robinson - 92 | Stage | Voir l’offre | il y a 1 jour,https://www.hellowork.com/fr-fr/emplois/83897686.html,IA,Stage,2026-09-29 17:36
Alternance - Data Analyste - Analyste Quantitatif - Paris H/FBPCE SA,Non précisé,https://f.hellowork.com/img/entreprises/206264.png,Non précisée,"Alternance - Data Analyste - Analyste Quantitatif - Paris H/F | BPCE SA | Paris - 75 | Alternance | 492,22 - 1 823,03 € / mois | Télétravail partiel | Voir l’offre | plus de 1 mois",https://www.hellowork.com/fr-fr/emplois/76501526.html,IA,Alternance,2026-09-29 17:36
Stage Développement Fullstack Application Web - Migration d'Application Cloud Fiabilisation et Sécurité H/FGroupe SII,Non précisé,https://f.hellowork.com/img/entreprises/197178.png,il y a 16 heures,Suivi de candidature | Stage Développement Fullstack Application Web - Migration d'Application Cloud Fiabilisation et Sécurité H/F | Groupe SII | Super recruteur | Toulouse - 31 | Stage | Voir l’offre | il y a 16 heures,https://www.hellowork.com/fr-fr/emplois/83903255.html,Cybersécurité,Stage,2026-09-29 17:36
Stage Assistant Marketing & Data - Janvier 2027 H/FGaleries Lafayette,Non précisé,https://f.hellowork.com/img/entreprises/196531.png,il y a 6 jours,Suivi de candidature | Stage Assistant Marketing & Data - Janvier 2027 H/F | Galeries Lafayette | Paris 9e - 75 | Stage | 1 200 - 1 400 € / mois | Télétravail partiel | Voir l’offre | il y a 6 jours,https://www.hellowork.com/fr-fr/emplois/83885037.html,Data,Stage,2026-09-29 11:04
Chef de Projet IA H/FBassetti,Non précisé,https://f.hellowork.com/img/entreprises/193204.png,il y a 2 jours,Suivi de candidature | Chef de Projet IA H/F | Bassetti | Grenoble - 38 | Stage | 6 mois | Voir l’offre | il y a 2 jours,https://www.hellowork.com/fr-fr/emplois/83888117.html,IA,Stage,2026-09-29 11:04
Apprenti Junior Data Scientist H/FValeo,Non précisé,https://f.hellowork.com/img/entreprises/203550.png,il y a 7 jours,"Apprenti Junior Data Scientist H/F | Valeo | Cergy - 95 | Alternance | 492,22 - 1 823,03 € / mois | 12 mois | Voir l’offre | il y a 7 jours",https://www.hellowork.com/fr-fr/emplois/78438455.html,Data,Alternance,2026-09-29 04:11
Stage Logiciel Conception d'Algorithme d'Intelligence Artificielle H/FMBDA,Non précisé,https://f.hellowork.com/img/entreprises/199482.png,il y a 7 jours,Suivi de candidature | Stage Logiciel Conception d'Algorithme d'Intelligence Artificielle H/F | MBDA | Le Plessis-Robinson - 92 | Stage | 6 mois | Voir l’offre | il y a 7 jours,https://www.hellowork.com/fr-fr/emplois/83874073.html,IA,Stage,2026-09-28 23:41
Stage Application de l'IA Machine Learning à l'Automatisation des Tests Xil H/FPSA Retail France SAS,Non précisé,https://f.hellowork.com/img/entreprises/190729.png?v=20260608103806,il y a 9 jours,Stage Application de l'IA Machine Learning à l'Automatisation des Tests Xil H/F | PSA Retail France SAS | Poissy - 78 | Stage | Voir l’offre | il y a 9 jours,https://www.hellowork.com/fr-fr/emplois/83876975.html,IA,Stage,2026-09-28 23:41
Stage - Développement d'Un Jumeau Numérique de Batterie par Machine Learning pour Réduire les Essais H/FPSA Retail France SAS,Non précisé,https://f.hellowork.com/img/entreprises/190729.png?v=20260608103806,il y a 9 jours,Stage - Développement d'Un Jumeau Numérique de Batterie par Machine Learning pour Réduire les Essais H/F | PSA Retail France SAS | Carrières-sous-Poissy - 78 | Stage | Voir l’offre | il y a 9 jours,https://www.hellowork.com/fr-fr/emplois/83876956.html,IA,Stage,2026-09-28 23:41
Stage Réduc de Modèles par Machine Learning pour l'Optimisation de la Structure d'Un Véhicule en Choc H/FPSA Retail France SAS,Non précisé,https://f.hellowork.com/img/entreprises/190729.png?v=20260608103806,il y a 9 jours,Stage Réduc de Modèles par Machine Learning pour l'Optimisation de la Structure d'Un Véhicule en Choc H/F | PSA Retail France SAS | Poissy - 78 | Stage | Voir l’offre | il y a 9 jours,https://www.hellowork.com/fr-fr/emplois/83876962.html,IA,Stage,2026-09-28 23:41
Stage Logiciel Optimisation d'Une Plateforme d'Apprentissage Machine et d'IA de Confiance H/FMBDA,Non précisé,https://f.hellowork.com/img/entreprises/199482.png,il y a 2 jours,Suivi de candidature | Stage Logiciel Optimisation d'Une Plateforme d'Apprentissage Machine et d'IA de Confiance H/F | MBDA | Le Plessis-Robinson - 92 | Stage | 6 mois | Voir l’offre | il y a 2 jours,https://www.hellowork.com/fr-fr/emplois/83874069.html,IA,Stage,2026-09-28 23:41
Alternant - Alternante - Cybersécurité Grc H/FENGIE,Non précisé,https://f.hellowork.com/img/entreprises/195606.png,il y a 9 jours,"Alternant - Alternante - Cybersécurité Grc H/F | ENGIE | La Garenne-Colombes - 92 | Alternance | 492,22 - 1 823,03 € / mois | Télétravail partiel | + 1 | Voir l’offre | il y a 9 jours",https://www.hellowork.com/fr-fr/emplois/83873646.html,Cybersécurité,Alternance,2026-09-28 23:41
Stage IA et Automatisation - Assistant IA pour la Préparation des Livraisons Logicielles - Défense & Sécurité - Aix-En-Provence H/FSopra Steria,Non précisé,https://f.hellowork.com/img/entreprises/202495.png,il y a 1 jour,Suivi de candidature | Stage IA et Automatisation - Assistant IA pour la Préparation des Livraisons Logicielles - Défense & Sécurité - Aix-En-Provence H/F | Sopra Steria | Aix-en-Provence - 13 | Stage | Voir l’offre | il y a 1 jour,https://www.hellowork.com/fr-fr/emplois/83872850.html,Cybersécurité,Stage,2026-09-28 23:41
Stage - Concepteur Développeur Web en BE H/FFramatome,Non précisé,https://f.hellowork.com/img/entreprises/196426.png,il y a 7 jours,Stage - Concepteur Développeur Web en BE H/F | Framatome | Lyon - 69 | Stage | Voir l’offre | il y a 7 jours,https://www.hellowork.com/fr-fr/emplois/83715982.html,Développement,Stage,2026-09-28 18:25
Stage Développeur Microsoft .Net - React H/FCGI,Non précisé,https://f.hellowork.com/img/entreprises/194164.png,il y a 3 jours,Stage Développeur Microsoft .Net - React H/F | CGI | Strasbourg - 67 | Stage | Voir l’offre | il y a 3 jours,https://www.hellowork.com/fr-fr/emplois/83860390.html,Développement,Stage,2026-09-28 18:25
Stage Ingénieur Telecom et Data Analytics H/FBouygues Telecom,Non précisé,https://f.hellowork.com/img/entreprises/207947.png,il y a 10 heures,Stage Ingénieur Telecom et Data Analytics H/F | Bouygues Telecom | Meudon la Forêt - 92 | Stage | Voir l’offre | il y a 10 heures,https://www.hellowork.com/fr-fr/emplois/83870413.html,Data,Stage,2026-09-28 18:25
Chargé de Support Opérationnel & Data - Pricing & Marketing H/FSafran,Non précisé,https://f.hellowork.com/img/entreprises/215443.png,il y a 7 jours,Suivi de candidature | Chargé de Support Opérationnel & Data - Pricing & Marketing H/F | Safran | Colomiers - 31 | Stage | 6 mois | Voir l’offre | il y a 7 jours,https://www.hellowork.com/fr-fr/emplois/83855273.html,Data,Stage,2026-09-28 18:25
Développement d'Un Simulateur de Centrale Inertielle avec des Techniques d'Intelligence Artificielle H/FSafran,Non précisé,https://f.hellowork.com/img/entreprises/215443.png?v=20260605150802,il y a 10 jours,Suivi de candidature | Développement d'Un Simulateur de Centrale Inertielle avec des Techniques d'Intelligence Artificielle H/F | Safran | Éragny - 95 | Stage | 5 mois | Voir l’offre | il y a 10 jours,https://www.hellowork.com/fr-fr/emplois/83863666.html,IA,Stage,2026-09-28 18:25
Alternance - Chef.Fe de Projet IA & Transformation H/FIriig,Non précisé,https://f.hellowork.com/img/entreprises/198005.png,il y a 2 jours,"Suivi de candidature | Alternance - Chef.Fe de Projet IA & Transformation H/F | Iriig | Lyon - 69 | Alternance | 1 138,88 - 1 456,28 € / mois | 1 an | Voir l’offre | il y a 2 jours",https://www.hellowork.com/fr-fr/emplois/83859737.html,IA,Alternance,2026-09-28 18:25
Alternance - Chargé·e de Projet IA - ai Builder H/FLIVEMENTOR,Non précisé,https://f.hellowork.com/img/entreprises/199071.png?v=20261001112012,il y a 9 jours,"Suivi de candidature | Alternance - Chargé·e de Projet IA - ai Builder H/F | LIVEMENTOR | Paris - 75 | Alternance | 966,21 - 1 823,03 € / mois | Télétravail partiel | + 1 | Voir l’offre | il y a 9 jours",https://www.hellowork.com/fr-fr/emplois/83872246.html,IA,Alternance,2026-09-28 18:25
Stage Développement en Intelligence Artificielle H/FCapgemini,Non précisé,https://f.hellowork.com/img/entreprises/193881.png?v=20261001112010,il y a 10 jours,Stage Développement en Intelligence Artificielle H/F | Capgemini | Toulouse - 31 | Stage | 6 mois | Voir l’offre | il y a 10 jours,https://www.hellowork.com/fr-fr/emplois/83862449.html,IA,Stage,2026-09-28 18:25
Stage IA pour le Support Technique 1 H/FBouygues Telecom,Non précisé,https://f.hellowork.com/img/entreprises/207947.png,il y a 23 heures,Stage IA pour le Support Technique 1 H/F | Bouygues Telecom | Bordeaux - 33 | Stage | 6 mois | Voir l’offre | il y a 23 heures,https://www.hellowork.com/fr-fr/emplois/83848036.html,IA,Stage,2026-09-28 18:25
Stage - Ingénieur R&D Deep Learning et Machine Learning H/FFramatome,Non précisé,https://f.hellowork.com/img/entreprises/196426.png?v=20261001112011,il y a 10 jours,Stage - Ingénieur R&D Deep Learning et Machine Learning H/F | Framatome | Lyon - 69 | Stage | Voir l’offre | il y a 10 jours,https://www.hellowork.com/fr-fr/emplois/83855157.html,IA,Stage,2026-09-28 18:25
Stage Logiciel Conception d'Algorithme d'Assignation pour Systèmes de Défense H/FMBDA,Non précisé,https://f.hellowork.com/img/entreprises/199482.png,il y a 2 jours,Suivi de candidature | Stage Logiciel Conception d'Algorithme d'Assignation pour Systèmes de Défense H/F | MBDA | Le Plessis-Robinson - 92 | Stage | 6 mois | Voir l’offre | il y a 2 jours,https://www.hellowork.com/fr-fr/emplois/83865085.html,IA,Stage,2026-09-28 18:25
Stage Ingénieur Gouvernance Cybersécurité H/FChantiers de l'Atlantique,Non précisé,https://f.hellowork.com/img/entreprises/206340.png,il y a 8 heures,Suivi de candidature | Stage Ingénieur Gouvernance Cybersécurité H/F | Chantiers de l'Atlantique | Saint-Nazaire - 44 | Stage | 6 mois | Voir l’offre | il y a 8 heures,https://www.hellowork.com/fr-fr/emplois/83863204.html,Cybersécurité,Stage,2026-09-28 18:25
Stage-Analyse de l'Impact Environnemental de la Cybersécurité Imageurs H/FCEA,Non précisé,https://f.hellowork.com/img/entreprises/194020.png?v=20261001112011,il y a 10 jours,Stage-Analyse de l'Impact Environnemental de la Cybersécurité Imageurs H/F | CEA | Grenoble - 38 | Stage | 5 mois | Voir l’offre | il y a 10 jours,https://www.hellowork.com/fr-fr/emplois/83861952.html,Cybersécurité,Stage,2026-09-28 18:25
Stage - Business Manager - Sales - Ingénieur d'Affaires H/FSquad,Non précisé,https://f.hellowork.com/img/entreprises/202649.png,il y a 6 jours,Suivi de candidature | Stage - Business Manager - Sales - Ingénieur d'Affaires H/F | Squad | Super recruteur | Biot - 06 | Stage | 6 mois | Voir l’offre | il y a 6 jours,https://www.hellowork.com/fr-fr/emplois/83865809.html,Cybersécurité,Stage,2026-09-28 18:25
Stage Business Analyst - Défense & Sécurité - Lille H/FSopra Steria,Non précisé,https://f.hellowork.com/img/entreprises/202495.png,il y a 4 jours,Suivi de candidature | Stage Business Analyst - Défense & Sécurité - Lille H/F | Sopra Steria | Villeneuve-d'Ascq - 59 | Stage | Voir l’offre | il y a 4 jours,https://www.hellowork.com/fr-fr/emplois/83766038.html,Cybersécurité,Stage,2026-09-28 18:25
Développeur - Alternance H/FEEMI Lyon,Non précisé,https://f.hellowork.com/img/entreprises/212533.png,il y a 6 jours,Développeur - Alternance H/F | EEMI Lyon | Lyon - 69 | Alternance | 800 - 1 800 € / mois | 12 mois | Voir l’offre | il y a 6 jours,https://www.hellowork.com/fr-fr/emplois/83838232.html,Développement,Alternance,2026-09-28 10:32
Alternance - Chargé de Projet ERP & Data Supply Chain Bac+4 - 5 H/FMBWAY Caen,Non précisé,https://f.hellowork.com/img/entreprises/207055.png,il y a 6 jours,"Suivi de candidature | Alternance - Chargé de Projet ERP & Data Supply Chain Bac+4 - 5 H/F | MBWAY Caen | Caen - 14 | Alternance | 728,14 - 1 867,02 € / mois | 24 mois | Voir l’offre | il y a 6 jours",https://www.hellowork.com/fr-fr/emplois/83838181.html,Data,Alternance,2026-09-28 10:32
Alternance - Cybersécurité - Bac+4 - 5 H/FSup de Vinci,Non précisé,https://f.hellowork.com/img/entreprises/204915.png?v=20261001112012,il y a 10 jours,"Alternance - Cybersécurité - Bac+4 - 5 H/F | Sup de Vinci | Rennes - 35 | Alternance | 783 - 1 867,02 € / mois | 24 mois | Voir l’offre | il y a 10 jours",https://www.hellowork.com/fr-fr/emplois/83840829.html,Cybersécurité,Alternance,2026-09-28 10:32
Duoday 2026 - Crédit Agricole Groupe Infrastructure Plateforme Cagip H/FAktisea,Non précisé,https://f.hellowork.com/img/entreprises/192295.png,il y a 4 jours,Suivi de candidature | Duoday 2026 - Crédit Agricole Groupe Infrastructure Plateforme Cagip H/F | Aktisea | France | Stage | 1 jour | Voir l’offre | il y a 4 jours,https://www.hellowork.com/fr-fr/emplois/83838163.html,Cybersécurité,Stage,2026-09-28 10:32
Apprenti Développeur Outils Numérique R&D H/FValeo,Non précisé,https://f.hellowork.com/img/entreprises/203550.png?v=20261001112012,il y a 10 jours,"Apprenti Développeur Outils Numérique R&D H/F | Valeo | Cergy - 95 | Alternance | 492,22 - 1 823,03 € / mois | 12 mois | Voir l’offre | il y a 10 jours",https://www.hellowork.com/fr-fr/emplois/78437773.html,Développement,Alternance,2026-09-27 23:37
Analyste Cybersécurité H/FNEXA Digital School,Non précisé,https://f.hellowork.com/img/entreprises/200053.png,il y a 5 jours,"Analyste Cybersécurité H/F | NEXA Digital School | Lambersart - 59 | Alternance | 800 - 1 867,02 € / mois | 2 ans | Voir l’offre | il y a 5 jours",https://www.hellowork.com/fr-fr/emplois/82736088.html,Cybersécurité,Alternance,2026-09-27 00:12
Stage - Assistant Ingénieur Développeur Integrateur H/FBassetti,Non précisé,https://f.hellowork.com/img/entreprises/193204.png,il y a 5 jours,Suivi de candidature | Stage - Assistant Ingénieur Développeur Integrateur H/F | Bassetti | Grenoble - 38 | Stage | 6 mois | Voir l’offre | il y a 5 jours,https://www.hellowork.com/fr-fr/emplois/83778604.html,Développement,Stage,2026-09-26 18:18
Alternance Développeur Applicatif - Laxou H/FISCOD,Non précisé,https://f.hellowork.com/img/entreprises/198022.png?v=20260604132627,il y a 12 jours,"Alternance Développeur Applicatif - Laxou H/F | ISCOD | Laxou - 54 | Alternance | 492,22 - 1 823,03 € / mois | Voir l’offre | il y a 12 jours",https://www.hellowork.com/fr-fr/emplois/83794228.html,Développement,Alternance,2026-09-25 23:48
Alternant Bac + 4 - Bac + 5 Développeur IA H/FBaudelet Holding,Non précisé,,il y a 11 jours,Suivi de candidature | Alternant Bac + 4 - Bac + 5 Développeur IA H/F | Baudelet Holding | Blaringhem - 59 | Alternance | Télétravail occasionnel | 2 ans | Voir l’offre | il y a 11 jours,https://www.hellowork.com/fr-fr/emplois/82701501.html,Développement,Alternance,2026-09-25 23:48
Stage - Assistant Ingénieur Développeur Integrateur H/FBassetti,Non précisé,https://f.hellowork.com/img/entreprises/193204.png,il y a 5 jours,Suivi de candidature | Stage - Assistant Ingénieur Développeur Integrateur H/F | Bassetti | Lyon - 69 | Stage | 6 mois | Voir l’offre | il y a 5 jours,https://www.hellowork.com/fr-fr/emplois/83778619.html,Développement,Stage,2026-09-25 23:48
Stage - Assistant Ingénieur Développeur Integrateur H/FBassetti,Non précisé,https://f.hellowork.com/img/entreprises/193204.png,il y a 2 jours,Suivi de candidature | Stage - Assistant Ingénieur Développeur Integrateur H/F | Bassetti | Paris - 75 | Stage | 6 mois | Voir l’offre | il y a 2 jours,https://www.hellowork.com/fr-fr/emplois/83778533.html,Développement,Stage,2026-09-25 23:48
Apprenti Support Data & Plan de Progrès Direction Commerciale Ventes H/FSafran,Non précisé,https://f.hellowork.com/img/entreprises/215443.png,il y a 6 jours,"Suivi de candidature | Apprenti Support Data & Plan de Progrès Direction Commerciale Ventes H/F | Safran | Colomiers - 31 | Alternance | 492,22 - 1 823,03 € / mois | 1 an | Voir l’offre | il y a 6 jours",https://www.hellowork.com/fr-fr/emplois/80597871.html,Data,Alternance,2026-09-25 23:48
Stage 2027 - Scientific Machine Learning pour le Calcul des Structures Aéronautiques H/FAirbus Defense and Space,Non précisé,https://f.hellowork.com/img/entreprises/188689.png?v=20260608103432,il y a 12 jours,Stage 2027 - Scientific Machine Learning pour le Calcul des Structures Aéronautiques H/F | Airbus Defense and Space | Toulouse - 31 | Stage | Voir l’offre | il y a 12 jours,https://www.hellowork.com/fr-fr/emplois/83796379.html,IA,Stage,2026-09-25 23:48
Stage - Assistant Ingénieur Développeur Integrateur H/FBassetti,Non précisé,https://f.hellowork.com/img/entreprises/193204.png,il y a 5 jours,Suivi de candidature | Stage - Assistant Ingénieur Développeur Integrateur H/F | Bassetti | Toulouse - 31 | Stage | 6 mois | Voir l’offre | il y a 5 jours,https://www.hellowork.com/fr-fr/emplois/83778675.html,Développement,Stage,2026-09-25 20:14
Stagiaire Data & IA - Transformation Digitale H/Finmac wstore,Non précisé,https://f.hellowork.com/img/entreprises/215295.png?v=20261001112013,il y a 12 jours,Suivi de candidature | Stagiaire Data & IA - Transformation Digitale H/F | inmac wstore | Roissy-en-France - 95 | Stage | 6 mois | Voir l’offre | il y a 12 jours,https://www.hellowork.com/fr-fr/emplois/83791198.html,Data,Stage,2026-09-25 20:14
Alternant Développeur IA & Outils Métiers H/FSoflux,Non précisé,https://f.hellowork.com/img/entreprises/202398.png,il y a 10 jours,Suivi de candidature | Alternant Développeur IA & Outils Métiers H/F | Soflux | Angoulême - Gond-Pontouvre - 16 | Alternance | 1 an | Voir l’offre | il y a 10 jours,https://www.hellowork.com/fr-fr/emplois/83780309.html,Développement,Alternance,2026-09-25 16:30
Développeuse - Développeur PHP - Stage H/FCapgemini,Non précisé,https://f.hellowork.com/img/entreprises/193881.png?v=20261001112010,il y a 13 jours,Développeuse - Développeur PHP - Stage H/F | Capgemini | Nantes - 44 | Stage | 6 mois | Voir l’offre | il y a 13 jours,https://www.hellowork.com/fr-fr/emplois/83786039.html,Développement,Stage,2026-09-25 16:30
Développeuse - Développeur Full Stack IA - Stage H/FCapgemini,Non précisé,https://f.hellowork.com/img/entreprises/193881.png?v=20261001112010,il y a 13 jours,Développeuse - Développeur Full Stack IA - Stage H/F | Capgemini | Lille - 59 | Stage | 6 mois | Voir l’offre | il y a 13 jours,https://www.hellowork.com/fr-fr/emplois/83786259.html,Développement,Stage,2026-09-25 16:30
Stage Bussines Developer - Sdr H/FAK Recrutement,Non précisé,https://f.hellowork.com/img/entreprises/192282.png,il y a 6 jours,Stage Bussines Developer - Sdr H/F | AK Recrutement | Lyon 3e - 69 | Stage | 2 mois | Voir l’offre | il y a 6 jours,https://www.hellowork.com/fr-fr/emplois/83778805.html,Développement,Stage,2026-09-25 16:30
Alternant IA & Data Engineering H/FL'Industrie recrute,Non précisé,https://f.hellowork.com/img/entreprises/199036.png,il y a 3 jours,"Alternant IA & Data Engineering H/F | L'Industrie recrute | La Talaudière - 42 | Alternance | 492,22 - 1 823,03 € / mois | Voir l’offre | il y a 3 jours",https://www.hellowork.com/fr-fr/emplois/83785855.html,IA,Alternance,2026-09-25 16:30
Stage Data Science H/FSafran,Non précisé,https://f.hellowork.com/img/entreprises/215443.png?v=20260605150802,il y a 13 jours,Suivi de candidature | Stage Data Science H/F | Safran | Molsheim - 67 | Stage | 6 mois | Voir l’offre | il y a 13 jours,https://www.hellowork.com/fr-fr/emplois/83780011.html,Data,Stage,2026-09-25 16:30
Stagiaire Reporting Achats - Data Model H/FBNP Paribas,Non précisé,https://f.hellowork.com/img/entreprises/193475.png,il y a 9 jours,Stagiaire Reporting Achats - Data Model H/F | BNP Paribas | Luxembourg | Stage | Voir l’offre | il y a 9 jours,https://www.hellowork.com/fr-fr/emplois/83768787.html,Data,Stage,2026-09-25 16:30
Stage- Ingenieur Strategie Data & IA H/FDaher,Non précisé,https://f.hellowork.com/img/entreprises/194869.png,il y a 10 jours,Stage- Ingenieur Strategie Data & IA H/F | Daher | Orly - 94 | Stage | 6 mois | Voir l’offre | il y a 10 jours,https://www.hellowork.com/fr-fr/emplois/83779394.html,Data,Stage,2026-09-25 16:30
Stage Mécanique & Data Analyse des Données Opérationnelles H/FMBDA,Non précisé,https://f.hellowork.com/img/entreprises/199482.png,il y a 5 jours,Suivi de candidature | Stage Mécanique & Data Analyse des Données Opérationnelles H/F | MBDA | Le Plessis-Robinson - 92 | Stage | 6 mois | Voir l’offre | il y a 5 jours,https://www.hellowork.com/fr-fr/emplois/83778000.html,Data,Stage,2026-09-25 16:30
Stage Data & Intelligence Artificielle Optimisation de la Sélection de Composants Critiques H/FMBDA,Non précisé,https://f.hellowork.com/img/entreprises/199482.png?v=20261001112012,il y a 13 jours,Suivi de candidature | Stage Data & Intelligence Artificielle Optimisation de la Sélection de Composants Critiques H/F | MBDA | Le Plessis-Robinson - 92 | Stage | 6 mois | Voir l’offre | il y a 13 jours,https://www.hellowork.com/fr-fr/emplois/83783182.html,IA,Stage,2026-09-25 16:30
Stage Intelligence Artificielle Etude de Solutions d'IA de Confiance H/FMBDA,Non précisé,https://f.hellowork.com/img/entreprises/199482.png?v=20261001112012,il y a 13 jours,Suivi de candidature | Stage Intelligence Artificielle Etude de Solutions d'IA de Confiance H/F | MBDA | Le Plessis-Robinson - 92 | Stage | 6 mois | Voir l’offre | il y a 13 jours,https://www.hellowork.com/fr-fr/emplois/83783188.html,IA,Stage,2026-09-25 16:30
Stage Traitement d'Images Segmentation de Cibles Aériennes par Intelligence Artificielle H/FMBDA,Non précisé,https://f.hellowork.com/img/entreprises/199482.png?v=20261001112012,il y a 13 jours,Suivi de candidature | Stage Traitement d'Images Segmentation de Cibles Aériennes par Intelligence Artificielle H/F | MBDA | Le Plessis-Robinson - 92 | Stage | 6 mois | Voir l’offre | il y a 13 jours,https://www.hellowork.com/fr-fr/emplois/83783139.html,IA,Stage,2026-09-25 16:30
Stage Guidade Navigation IA pour l'Estimation de Trajectoires H/FMBDA,Non précisé,https://f.hellowork.com/img/entreprises/199482.png,il y a 5 jours,Suivi de candidature | Stage Guidade Navigation IA pour l'Estimation de Trajectoires H/F | MBDA | Le Plessis-Robinson - 92 | Stage | 6 mois | Voir l’offre | il y a 5 jours,https://www.hellowork.com/fr-fr/emplois/83783143.html,IA,Stage,2026-09-25 16:30
Stage Pilotage Utilisation de l'IA pour la Synthèse de Gain sur Modèle Non-Linéaire H/FMBDA,Non précisé,https://f.hellowork.com/img/entreprises/199482.png,il y a 5 jours,Suivi de candidature | Stage Pilotage Utilisation de l'IA pour la Synthèse de Gain sur Modèle Non-Linéaire H/F | MBDA | Le Plessis-Robinson - 92 | Stage | 6 mois | Voir l’offre | il y a 5 jours,https://www.hellowork.com/fr-fr/emplois/83783164.html,IA,Stage,2026-09-25 16:30
Stage - Capacity Planning ai Reporting H/FBNP Paribas,Non précisé,https://f.hellowork.com/img/entreprises/193475.png,il y a 4 jours,Stage - Capacity Planning ai Reporting H/F | BNP Paribas | Luxembourg | Stage | Télétravail partiel | Voir l’offre | il y a 4 jours,https://www.hellowork.com/fr-fr/emplois/83768774.html,IA,Stage,2026-09-25 16:30
Stage Bac+5 Simulation Multi-Échelle H/FCEA,Non précisé,https://f.hellowork.com/img/entreprises/194020.png?v=20261001112011,il y a 12 jours,Stage Bac+5 Simulation Multi-Échelle H/F | CEA | Grenoble - 38 | Stage | Voir l’offre | il y a 12 jours,https://www.hellowork.com/fr-fr/emplois/83779257.html,IA,Stage,2026-09-25 16:30
Stage Optimisation de la Répétabilité du Procédé de Fabrication Additive des Noyaux Céramiques H/FSafran,Non précisé,https://f.hellowork.com/img/entreprises/215443.png,il y a 5 jours,Suivi de candidature | Stage Optimisation de la Répétabilité du Procédé de Fabrication Additive des Noyaux Céramiques H/F | Safran | Châteaufort - 78 | Stage | 6 mois | Voir l’offre | il y a 5 jours,https://www.hellowork.com/fr-fr/emplois/83775195.html,IA,Stage,2026-09-25 16:30
Stage Human-Object Interaction Benchmarking-Saclay H/FCEA,Non précisé,https://f.hellowork.com/img/entreprises/194020.png,il y a 5 jours,Stage Human-Object Interaction Benchmarking-Saclay H/F | CEA | Saclay - 91 | Stage | 6 mois | Voir l’offre | il y a 5 jours,https://www.hellowork.com/fr-fr/emplois/83785419.html,IA,Stage,2026-09-25 16:30
Stage - Data Scientist H/FCdiscount,Non précisé,https://f.hellowork.com/img/entreprises/194016.png,il y a 4 jours,Stage - Data Scientist H/F | Cdiscount | Bordeaux - 33 | Stage | 6 mois | Voir l’offre | il y a 4 jours,https://www.hellowork.com/fr-fr/emplois/83786020.html,IA,Stage,2026-09-25 16:30
Stage Conseil Consultant en Cybersécurité H/FCGI,Non précisé,https://f.hellowork.com/img/entreprises/194164.png,il y a 2 jours,Stage Conseil Consultant en Cybersécurité H/F | CGI | Paris - 75 | Stage | Voir l’offre | il y a 2 jours,https://www.hellowork.com/fr-fr/emplois/83778022.html,Cybersécurité,Stage,2026-09-25 16:30
Stage Logiciel Automatisation d'Autotests pour Os Cybersécurisés H/FMBDA,Non précisé,https://f.hellowork.com/img/entreprises/199482.png,il y a 9 jours,Suivi de candidature | Stage Logiciel Automatisation d'Autotests pour Os Cybersécurisés H/F | MBDA | Le Plessis-Robinson - 92 | Stage | 6 mois | Voir l’offre | il y a 9 jours,https://www.hellowork.com/fr-fr/emplois/83778076.html,Cybersécurité,Stage,2026-09-25 16:30
Stage Logiciel Conception d'Une Ihm d'Identification H/FMBDA,Non précisé,https://f.hellowork.com/img/entreprises/199482.png,il y a 6 jours,Suivi de candidature | Stage Logiciel Conception d'Une Ihm d'Identification H/F | MBDA | Le Plessis-Robinson - 92 | Stage | 6 mois | Voir l’offre | il y a 6 jours,https://www.hellowork.com/fr-fr/emplois/83778025.html,Cybersécurité,Stage,2026-09-25 16:30
Stage Pentest et Sécurité Applicative H/FBouygues Telecom,Non précisé,https://f.hellowork.com/img/entreprises/207947.png,il y a 2 jours,Stage Pentest et Sécurité Applicative H/F | Bouygues Telecom | Meudon - 92 | Stage | 6 mois | Voir l’offre | il y a 2 jours,https://www.hellowork.com/fr-fr/emplois/83786111.html,Cybersécurité,Stage,2026-09-25 16:30
Stage - Création et Mise en Place de la Fonction Commerciale Augmentée - Défense et Sécurité - le Plessis Robinson - Rungis H/FSopra Steria,Non précisé,https://f.hellowork.com/img/entreprises/202495.png,il y a 5 jours,Suivi de candidature | Stage - Création et Mise en Place de la Fonction Commerciale Augmentée - Défense et Sécurité - le Plessis Robinson - Rungis H/F | Sopra Steria | Le Plessis-Robinson - 92 | Stage | Voir l’offre | il y a 5 jours,https://www.hellowork.com/fr-fr/emplois/83779932.html,Cybersécurité,Stage,2026-09-25 16:30
Développeur Informatique en Alternance H/FMEWO campus des métiers,Non précisé,https://f.hellowork.com/img/entreprises/199632.png,il y a 6 jours,"Suivi de candidature | Développeur Informatique en Alternance H/F | MEWO campus des métiers | Thionville - 57 | Alternance | 783,90 - 1 823,03 € / mois | Télétravail occasionnel | + 1 | Voir l’offre | il y a 6 jours",https://www.hellowork.com/fr-fr/emplois/83766481.html,Développement,Alternance,2026-09-25 11:07
Développeur IA Générative H/FTalan,Non précisé,https://f.hellowork.com/img/entreprises/202911.png,il y a 4 jours,Suivi de candidature | Développeur IA Générative H/F | Talan | Lyon - 69 | Stage | Voir l’offre | il y a 4 jours,https://www.hellowork.com/fr-fr/emplois/83581724.html,Développement,Stage,2026-09-25 11:07
Stage Développeur Salesforce H/FCGI,Non précisé,https://f.hellowork.com/img/entreprises/194164.png?v=20261001112011,il y a 15 jours,Stage Développeur Salesforce H/F | CGI | Toulouse - 31 | Stage | Voir l’offre | il y a 15 jours,https://www.hellowork.com/fr-fr/emplois/83657246.html,Développement,Stage,2026-09-25 11:07
Assistant Food Developer H/FPret A Manger,Non précisé,https://f.hellowork.com/img/entreprises/200932.png,il y a 15 jours,Assistant Food Developer H/F | Pret A Manger | Paris 8e - 75 | Stage | 1 660 € / mois | Voir l’offre | il y a 15 jours,https://www.hellowork.com/fr-fr/emplois/83599501.html,Développement,Stage,2026-09-25 11:07
Stage Consultant Conseil Data H/FTalan,Non précisé,https://f.hellowork.com/img/entreprises/202911.png,il y a 19 jours,Suivi de candidature | Stage Consultant Conseil Data H/F | Talan | Lyon - 69 | Stage | Voir l’offre | il y a 19 jours,https://www.hellowork.com/fr-fr/emplois/83434540.html,Data,Stage,2026-09-25 11:07
Stage Contrôle de Gestion Sociale & Data RH H/FGÉOLITHE,Non précisé,https://f.hellowork.com/img/entreprises/196655.png?v=20261001112011,il y a 13 jours,Suivi de candidature | Stage Contrôle de Gestion Sociale & Data RH H/F | GÉOLITHE | Super recruteur | Crolles - 38 | Stage | 6 mois | Voir l’offre | il y a 13 jours,https://www.hellowork.com/fr-fr/emplois/83762550.html,Data,Stage,2026-09-25 11:07
Stagiaire Ingénieur de Recherche - Intelligence Artificielle - Vision par Ordinateur H/FPellenc ST,Non précisé,https://f.hellowork.com/img/entreprises/200644.png?v=20261001112012,il y a 13 jours,Suivi de candidature | Stagiaire Ingénieur de Recherche - Intelligence Artificielle - Vision par Ordinateur H/F | Pellenc ST | Pertuis - 84 | Stage | 5 mois | Voir l’offre | il y a 13 jours,https://www.hellowork.com/fr-fr/emplois/83758887.html,IA,Stage,2026-09-25 11:07
Stage Mécanique Optimisation par Couplage IA et Simulation de la Perforation d'Éclats H/FMBDA,Non précisé,https://f.hellowork.com/img/entreprises/199482.png,il y a 6 jours,Suivi de candidature | Stage Mécanique Optimisation par Couplage IA et Simulation de la Perforation d'Éclats H/F | MBDA | Le Plessis-Robinson - 92 | Stage | 6 mois | Voir l’offre | il y a 6 jours,https://www.hellowork.com/fr-fr/emplois/83762488.html,IA,Stage,2026-09-25 11:07
Stage - Ingénieur Gouvernance IA & Knowledge H/FTalents Handicap,Non précisé,https://f.hellowork.com/img/entreprises/202942.png,il y a 5 jours,Stage - Ingénieur Gouvernance IA & Knowledge H/F | Talents Handicap | Vélizy-Villacoublay - 78 | Stage | Voir l’offre | il y a 5 jours,https://www.hellowork.com/fr-fr/emplois/83767786.html,IA,Stage,2026-09-25 11:07
Stage - Ingénieur Solutions IA pour Soutenir la Conception H/FTalents Handicap,Non précisé,https://f.hellowork.com/img/entreprises/202942.png,il y a 2 jours,Stage - Ingénieur Solutions IA pour Soutenir la Conception H/F | Talents Handicap | Vélizy-Villacoublay - 78 | Stage | Voir l’offre | il y a 2 jours,https://www.hellowork.com/fr-fr/emplois/83767976.html,IA,Stage,2026-09-25 11:07
Stage - Data Scientist Computer Vision pour l'Inspection Endoscopique des Moteurs Aéronautiques H/FSafran,Non précisé,https://f.hellowork.com/img/entreprises/215443.png,il y a 13 jours,Suivi de candidature | Stage - Data Scientist Computer Vision pour l'Inspection Endoscopique des Moteurs Aéronautiques H/F | Safran | Montereau-sur-le-Jard - 77 | Stage | 6 mois | Voir l’offre | il y a 13 jours,https://www.hellowork.com/fr-fr/emplois/83302255.html,IA,Stage,2026-09-25 11:07
Stage - Ingénieur Automatisation & Robotisation H/FSafran,Non précisé,https://f.hellowork.com/img/entreprises/215443.png,il y a 3 heures,Suivi de candidature | Stage - Ingénieur Automatisation & Robotisation H/F | Safran | Gonfreville-l'Orcher - 76 | Stage | 6 mois | Voir l’offre | il y a 3 heures,https://www.hellowork.com/fr-fr/emplois/83759565.html,IA,Stage,2026-09-25 11:07
Stage Data Engineer H/FTalan,Non précisé,https://f.hellowork.com/img/entreprises/202911.png,il y a 16 jours,Suivi de candidature | Stage Data Engineer H/F | Talan | Lyon - 69 | Stage | Voir l’offre | il y a 16 jours,https://www.hellowork.com/fr-fr/emplois/83194011.html,IA,Stage,2026-09-25 11:07
Alternance - Concepteur Développeur Web Full Stack H/FORT Lyon,Non précisé,https://f.hellowork.com/img/entreprises/200456.png?v=20260604132627,il y a 13 jours,Suivi de candidature | Alternance - Concepteur Développeur Web Full Stack H/F | ORT Lyon | Lyon 1er - 69 | Alternance | 15 000 € / an | Voir l’offre | il y a 13 jours,https://www.hellowork.com/fr-fr/emplois/82647790.html,Développement,Alternance,2026-09-25 00:19
Alternance Data & IA Chargé·e de la Gouvernance des Données H/FMGEN,Non précisé,https://f.hellowork.com/img/entreprises/199643.png?v=20260604132627,il y a 13 jours,Suivi de candidature | Alternance Data & IA Chargé·e de la Gouvernance des Données H/F | MGEN | Paris - 75 | Alternance | Voir l’offre | il y a 13 jours,https://www.hellowork.com/fr-fr/emplois/80594082.html,Cybersécurité,Alternance,2026-09-25 00:19
Alternance - Business Analyst Data & IA - Département Achats H/FCeva Santé Animale,Non précisé,https://f.hellowork.com/img/entreprises/194142.png?v=20261001112011,il y a 13 jours,Suivi de candidature | Alternance - Business Analyst Data & IA - Département Achats H/F | Ceva Santé Animale | Super recruteur | Libourne - 33 | Alternance | Voir l’offre | il y a 13 jours,https://www.hellowork.com/fr-fr/emplois/80511590.html,Data,Alternance,2026-09-25 00:19
Stage - Data Visualization - Pmo IT H/FBNP Paribas,Non précisé,https://f.hellowork.com/img/entreprises/193475.png?v=20261001112010,il y a 13 jours,Stage - Data Visualization - Pmo IT H/F | BNP Paribas | Luxembourg | Stage | 6 mois | Voir l’offre | il y a 13 jours,https://www.hellowork.com/fr-fr/emplois/74867776.html,Data,Stage,2026-09-25 00:19
Stage 2027 - Ai - Ml Engineer - 50% Client 50% R&D H/FEkimetriks,Non précisé,,il y a 13 jours,Stage 2027 - Ai - Ml Engineer - 50% Client 50% R&D H/F | Ekimetriks | Paris - 75 | Stage | Télétravail partiel | Voir l’offre | il y a 13 jours,https://www.hellowork.com/fr-fr/emplois/83745173.html,IA,Stage,2026-09-25 00:19
Ingénieur Cybersécurité - Alternance H/FREDSUP,Non précisé,https://f.hellowork.com/img/entreprises/201284.png?v=20261001112012,il y a 13 jours,"Suivi de candidature | Ingénieur Cybersécurité - Alternance H/F | REDSUP | Clichy - 92 | Alternance | 22 404,20 € / an | 24 mois | Voir l’offre | il y a 13 jours",https://www.hellowork.com/fr-fr/emplois/77250020.html,Cybersécurité,Alternance,2026-09-25 00:19
Stage - Data & Digital Analyst H/FFramatome,Non précisé,https://f.hellowork.com/img/entreprises/196426.png?v=20261001112011,il y a 13 jours,Stage - Data & Digital Analyst H/F | Framatome | Romans-sur-Isère - 26 | Stage | Voir l’offre | il y a 13 jours,https://www.hellowork.com/fr-fr/emplois/83737291.html,Data,Stage,2026-09-24 18:10
Alternance - Ingénieur Système et Réseau Spécialisé en Cybersécurité H/FEPSI Nantes,Non précisé,https://f.hellowork.com/img/entreprises/195748.png?v=20261001112011,il y a 14 jours,"Suivi de candidature | Alternance - Ingénieur Système et Réseau Spécialisé en Cybersécurité H/F | EPSI Nantes | Guérande - 44 | Alternance | 783,90 - 1 823,03 € / mois | 24 mois | Voir l’offre | il y a 14 jours",https://www.hellowork.com/fr-fr/emplois/83734978.html,Cybersécurité,Alternance,2026-09-24 18:10
Sales Developer en Alternance H/FCapgemini,Non précisé,https://f.hellowork.com/img/entreprises/193881.png?v=20261001112010,il y a 14 jours,"Sales Developer en Alternance H/F | Capgemini | Issy-les-Moulineaux - 92 | Alternance | 492,22 - 1 823,03 € / mois | Télétravail occasionnel | + 1 | Voir l’offre | il y a 14 jours",https://www.hellowork.com/fr-fr/emplois/83715032.html,Développement,Alternance,2026-09-24 13:10
Alternant Contrôle de Gestion & Data Finance H/FFlorimond Desprez,Non précisé,https://f.hellowork.com/img/entreprises/196314.png,il y a 4 jours,Suivi de candidature | Alternant Contrôle de Gestion & Data Finance H/F | Florimond Desprez | Cappelle-en-Pévèle - 59 | Alternance | 1 an | Voir l’offre | il y a 4 jours,https://www.hellowork.com/fr-fr/emplois/83720745.html,Data,Alternance,2026-09-24 13:10
Stage Data Quality & ai H/FHager,Non précisé,https://f.hellowork.com/img/entreprises/197279.png?v=20261001112011,il y a 14 jours,Suivi de candidature | Stage Data Quality & ai H/F | Hager | Obernai - 67 | Stage | 1 400 € / mois | Télétravail partiel | Voir l’offre | il y a 14 jours,https://www.hellowork.com/fr-fr/emplois/83711742.html,Data,Stage,2026-09-24 13:10
Alternant Intelligence Artificielle H/FAHG Ateliers de la Haute Garonne,Non précisé,https://f.hellowork.com/img/entreprises/192235.png,il y a 13 jours,Suivi de candidature | Alternant Intelligence Artificielle H/F | AHG Ateliers de la Haute Garonne | Flourens - 31 | Alternance | 2 ans | Voir l’offre | il y a 13 jours,https://www.hellowork.com/fr-fr/emplois/83714858.html,IA,Alternance,2026-09-24 13:10
Alternance - Chef.Fe de Projet IA & Transformation H/FIriig,Non précisé,https://f.hellowork.com/img/entreprises/198005.png,il y a 4 jours,"Suivi de candidature | Alternance - Chef.Fe de Projet IA & Transformation H/F | Iriig | Lyon - 69 | Alternance | 1 138,88 - 1 456,28 € / mois | 1 an | Voir l’offre | il y a 4 jours",https://www.hellowork.com/fr-fr/emplois/83714698.html,IA,Alternance,2026-09-24 13:10
Chargé de Mission Gouvernance Exécutive & Cybersécurité Alternance H/FCapgemini,Non précisé,https://f.hellowork.com/img/entreprises/193881.png?v=20261001112010,il y a 14 jours,"Chargé de Mission Gouvernance Exécutive & Cybersécurité Alternance H/F | Capgemini | Issy-les-Moulineaux - 92 | Alternance | 492,22 - 1 823,03 € / mois | Télétravail occasionnel | + 1 | Voir l’offre | il y a 14 jours",https://www.hellowork.com/fr-fr/emplois/83725107.html,Cybersécurité,Alternance,2026-09-24 13:10
Stage Open Source Intelligence - Product Security Osint H/FSafran,Non précisé,https://f.hellowork.com/img/entreprises/215443.png,il y a 12 jours,Suivi de candidature | Stage Open Source Intelligence - Product Security Osint H/F | Safran | Châteaufort - 78 | Stage | 3 mois | Voir l’offre | il y a 12 jours,https://www.hellowork.com/fr-fr/emplois/83720244.html,Cybersécurité,Stage,2026-09-24 13:10
Commis de Cuisine - Développez vos Compétences Culinaires H/FInstitut de Métiers Network,Non précisé,https://f.hellowork.com/img/entreprises/206825.png,il y a 9 jours,"Suivi de candidature | Commis de Cuisine - Développez vos Compétences Culinaires H/F | Institut de Métiers Network | Bordeaux - 33 | Alternance | 504,10 - 1 867,02 € / mois | 12 mois | Voir l’offre | il y a 9 jours",https://www.hellowork.com/fr-fr/emplois/82615119.html,Développement,Alternance,2026-09-24 01:03
Stage 2027 Extraction et Validation des Données à l'Aide de Llms And Machine Learning H/FAirbus Defense and Space,Non précisé,https://f.hellowork.com/img/entreprises/188689.png,il y a 1 jour,Stage 2027 Extraction et Validation des Données à l'Aide de Llms And Machine Learning H/F | Airbus Defense and Space | Toulouse - 31 | Stage | Voir l’offre | il y a 1 jour,https://www.hellowork.com/fr-fr/emplois/83700867.html,IA,Stage,2026-09-23 18:49
Alternance - Développeur Informatique et Systèmes d'Information H/FMyDigitalSchool Rennes,Non précisé,https://f.hellowork.com/img/entreprises/207114.png?v=20260831101142,il y a 15 jours,Suivi de candidature | Alternance - Développeur Informatique et Systèmes d'Information H/F | MyDigitalSchool Rennes | Rennes - 35 | Alternance | 800 - 1 800 € / mois | 2 ans | Voir l’offre | il y a 15 jours,https://www.hellowork.com/fr-fr/emplois/83677692.html,Développement,Alternance,2026-09-23 14:39
Alternance - Développeur E-Commerce - BTS S.I.O H/FAURLOM,Non précisé,https://f.hellowork.com/img/entreprises/206200.png,il y a 13 jours,Alternance - Développeur E-Commerce - BTS S.I.O H/F | AURLOM | Paris - 75 | Alternance | 400 - 1 400 € / mois | 2 ans | Voir l’offre | il y a 13 jours,https://www.hellowork.com/fr-fr/emplois/83678394.html,Développement,Alternance,2026-09-23 14:39
Alternance - Chef de Projet Transformation IA & Processus H/FElior Group,Non précisé,https://f.hellowork.com/img/entreprises/195495.png?v=20260716173151,il y a 15 jours,Suivi de candidature | Alternance - Chef de Projet Transformation IA & Processus H/F | Elior Group | Créteil - 94 | Alternance | 11 411 - 26 539 € / an | 12 mois | Voir l’offre | il y a 15 jours,https://www.hellowork.com/fr-fr/emplois/83677969.html,IA,Alternance,2026-09-23 14:39
Stage IA - Developpement d'Un Algorithme d'Identification de Zones d'Interet sur Vehicules par Imagerie Thermique H/FBERTIN TECHNOLOGIES,Non précisé,https://f.hellowork.com/img/entreprises/193318.png,il y a 5 jours,Suivi de candidature | Stage IA - Developpement d'Un Algorithme d'Identification de Zones d'Interet sur Vehicules par Imagerie Thermique H/F | BERTIN TECHNOLOGIES | Super recruteur | Aix-en-Provence - 13 | Stage | 6 mois | Voir l’offre | il y a 5 jours,https://www.hellowork.com/fr-fr/emplois/83688434.html,IA,Stage,2026-09-23 14:39
Stage - Utilisation d'Agents IA pour Automatiser des Calculs Monte Carlo H/FCEA,Non précisé,https://f.hellowork.com/img/entreprises/194020.png,il y a 4 jours,Stage - Utilisation d'Agents IA pour Automatiser des Calculs Monte Carlo H/F | CEA | Bouches-du-Rhône - 13 | Stage | Voir l’offre | il y a 4 jours,https://www.hellowork.com/fr-fr/emplois/83682437.html,IA,Stage,2026-09-23 14:39
Stage IA - Developpement et Benchmarking d'Algorithmes de Tracking d'Objets par Imagerie Thermique H/FBERTIN TECHNOLOGIES,Non précisé,https://f.hellowork.com/img/entreprises/193318.png,il y a 5 jours,Suivi de candidature | Stage IA - Developpement et Benchmarking d'Algorithmes de Tracking d'Objets par Imagerie Thermique H/F | BERTIN TECHNOLOGIES | Super recruteur | Aix-en-Provence - 13 | Stage | 6 mois | Voir l’offre | il y a 5 jours,https://www.hellowork.com/fr-fr/emplois/83688507.html,IA,Stage,2026-09-23 14:39
Stage Détection d'Anomalies et Optimisation des Plans d'Essais H/FSafran,Non précisé,https://f.hellowork.com/img/entreprises/215443.png?v=20260605150802,il y a 14 jours,Suivi de candidature | Stage Détection d'Anomalies et Optimisation des Plans d'Essais H/F | Safran | Blagnac - 31 | Stage | 6 mois | Voir l’offre | il y a 14 jours,https://www.hellowork.com/fr-fr/emplois/83687647.html,IA,Stage,2026-09-23 14:39
Alternance - Assistant Cybersécurité - BTS S.I.O H/FAURLOM,Non précisé,https://f.hellowork.com/img/entreprises/206200.png,il y a 13 jours,Alternance - Assistant Cybersécurité - BTS S.I.O H/F | AURLOM | Paris - 75 | Alternance | 400 - 1 400 € / mois | 2 ans | Voir l’offre | il y a 13 jours,https://www.hellowork.com/fr-fr/emplois/83678117.html,Cybersécurité,Alternance,2026-09-23 14:39
Alternance - Assistant Cybersécurité - BTS S.I.O H/FAURLOM,Non précisé,https://f.hellowork.com/img/entreprises/206200.png,il y a 13 jours,Alternance - Assistant Cybersécurité - BTS S.I.O H/F | AURLOM | Paris - 75 | Alternance | 400 - 1 700 € / mois | 2 ans | Voir l’offre | il y a 13 jours,https://www.hellowork.com/fr-fr/emplois/83678109.html,Cybersécurité,Alternance,2026-09-23 14:39
Alternance - Assistant Cybersécurité - BTS S.I.O H/FAURLOM,Non précisé,https://f.hellowork.com/img/entreprises/206200.png,il y a 13 jours,Alternance - Assistant Cybersécurité - BTS S.I.O H/F | AURLOM | Paris - 75 | Alternance | 400 - 1 400 € / mois | 2 ans | Voir l’offre | il y a 13 jours,https://www.hellowork.com/fr-fr/emplois/83678411.html,Cybersécurité,Alternance,2026-09-23 14:39
Stage - Chef de Projets Cybersécurité H/FVinci Energies France Tertiaire Centre Est Sud,Non précisé,https://f.hellowork.com/img/entreprises/203747.png?v=20260827150146,il y a 15 jours,Suivi de candidature | Stage - Chef de Projets Cybersécurité H/F | Vinci Energies France Tertiaire Centre Est Sud | Dardilly - 69 | Stage | 6 mois | Voir l’offre | il y a 15 jours,https://www.hellowork.com/fr-fr/emplois/83683977.html,Cybersécurité,Stage,2026-09-23 14:39
Stage - Développeur IA H/FSUEZ,Non précisé,https://f.hellowork.com/img/entreprises/202791.png?v=20261001112012,il y a 15 jours,Suivi de candidature | Stage - Développeur IA H/F | SUEZ | Nanterre - 92 | Stage | Télétravail partiel | Voir l’offre | il y a 15 jours,https://www.hellowork.com/fr-fr/emplois/83669847.html,Développement,Stage,2026-09-23 03:17
Intelligence Artificielle Matérielle Réseaux de Neurones à Briques Modélisantes H/FEDF,Non précisé,https://f.hellowork.com/img/entreprises/195385.png?v=20261001112011,il y a 15 jours,Intelligence Artificielle Matérielle Réseaux de Neurones à Briques Modélisantes H/F | EDF | Chatou - 78 | Stage | 1 230 - 1 557 € / mois | 6 mois | Voir l’offre | il y a 15 jours,https://www.hellowork.com/fr-fr/emplois/83669627.html,IA,Stage,2026-09-23 03:17
Alternance Chargé Marketing Data et IA - Marseille H/FISCOD,Non précisé,https://f.hellowork.com/img/entreprises/198022.png?v=20260604132627,il y a 15 jours,"Alternance Chargé Marketing Data et IA - Marseille H/F | ISCOD | Marseille 4e - 13 | Alternance | 492,22 - 1 823,03 € / mois | Voir l’offre | il y a 15 jours",https://www.hellowork.com/fr-fr/emplois/81612822.html,Data,Alternance,2026-09-22 23:30
Ingénieur Data & IA H/FCoexya,Non précisé,https://f.hellowork.com/img/entreprises/194472.png,il y a 3 jours,Suivi de candidature | Ingénieur Data & IA H/F | Coexya | Super recruteur | Lyon - 69 | Stage | 600 - 1 500 € / mois | Voir l’offre | il y a 3 jours,https://www.hellowork.com/fr-fr/emplois/83585369.html,Data,Stage,2026-09-22 23:30
Stage - Innovation et IA Générative pour l'Assistance Clients H/FBerger Levrault,Non précisé,https://f.hellowork.com/img/entreprises/193302.png,il y a 7 jours,Suivi de candidature | Stage - Innovation et IA Générative pour l'Assistance Clients H/F | Berger Levrault | Super recruteur | Labège - 31 | Stage | Voir l’offre | il y a 7 jours,https://www.hellowork.com/fr-fr/emplois/83657771.html,IA,Stage,2026-09-22 23:30
Ingénieur IA Industrielle en Alternance H/FEcole 18.06,Non précisé,,il y a 13 jours,"Suivi de candidature | Ingénieur IA Industrielle en Alternance H/F | Ecole 18.06 | Marckolsheim - 67 | Alternance | 22 404,20 - 23 000 € / an | 2 ans | Voir l’offre | il y a 13 jours",https://www.hellowork.com/fr-fr/emplois/81611948.html,IA,Alternance,2026-09-22 23:30
Data Analyst - Alternance H/FCooperl,Non précisé,https://f.hellowork.com/img/entreprises/194645.png,il y a 1 jour,"Data Analyst - Alternance H/F | Cooperl | Plestan - 22 | Alternance | 492,22 - 1 823,03 € / mois | 24 mois | Voir l’offre | il y a 1 jour",https://www.hellowork.com/fr-fr/emplois/83653853.html,Data,Alternance,2026-09-22 20:56
Ingénieur Data & IA H/FTalan,Non précisé,https://f.hellowork.com/img/entreprises/202911.png,il y a 2 jours,Suivi de candidature | Ingénieur Data & IA H/F | Talan | Lyon - 69 | Stage | Voir l’offre | il y a 2 jours,https://www.hellowork.com/fr-fr/emplois/83581986.html,Data,Stage,2026-09-22 20:56
Conseiller de Vente - Alternance - Développez vos Talents H/FInstitut de Métiers Network,Non précisé,https://f.hellowork.com/img/entreprises/206825.png,il y a 9 jours,"Suivi de candidature | Conseiller de Vente - Alternance - Développez vos Talents H/F | Institut de Métiers Network | Bègles - 33 | Alternance | 504,10 - 1 867,02 € / mois | 12 mois | Voir l’offre | il y a 9 jours",https://www.hellowork.com/fr-fr/emplois/83646967.html,Développement,Alternance,2026-09-22 17:56
Développeur IA Agentique H/FMeritis,Non précisé,https://f.hellowork.com/img/entreprises/199603.png?v=20261005082259,il y a 16 jours,Suivi de candidature | Développeur IA Agentique H/F | Meritis | Paris 8e - 75 | Stage | Voir l’offre | il y a 16 jours,https://www.hellowork.com/fr-fr/emplois/83637665.html,Développement,Stage,2026-09-22 17:56
Alternant Data Governance & Data Quality Officer H/FAtalian Global Services,Non précisé,https://f.hellowork.com/img/entreprises/192895.png?v=20261001112010,il y a 16 jours,"Suivi de candidature | Alternant Data Governance & Data Quality Officer H/F | Atalian Global Services | Super recruteur | Vitry-sur-Seine - 94 | Alternance | 22 404,20 € / an | 24 mois | Voir l’offre | il y a 16 jours",https://www.hellowork.com/fr-fr/emplois/83647210.html,Data,Alternance,2026-09-22 17:56
Apprenti·e Data & ai Product Builder H/FSafran,Non précisé,https://f.hellowork.com/img/entreprises/215443.png?v=20260605150802,il y a 16 jours,"Suivi de candidature | Apprenti·e Data & ai Product Builder H/F | Safran | Montereau-sur-le-Jard - 77 | Alternance | 492,22 - 1 823,03 € / mois | 12 mois | Voir l’offre | il y a 16 jours",https://www.hellowork.com/fr-fr/emplois/83644134.html,Data,Alternance,2026-09-22 17:56
Stage - Ingénieur Études et Développement Big Data - Transport - Nantes H/FSopra Steria,Non précisé,https://f.hellowork.com/img/entreprises/202495.png,il y a 3 jours,Suivi de candidature | Stage - Ingénieur Études et Développement Big Data - Transport - Nantes H/F | Sopra Steria | Nantes - 44 | Stage | Voir l’offre | il y a 3 jours,https://www.hellowork.com/fr-fr/emplois/83642009.html,Data,Stage,2026-09-22 17:56
Alternance Robotisation et Intelligence Artificielle - Créteil H/FISCOD,Non précisé,https://f.hellowork.com/img/entreprises/198022.png?v=20260604132627,il y a 16 jours,"Alternance Robotisation et Intelligence Artificielle - Créteil H/F | ISCOD | Créteil - 94 | Alternance | 492,22 - 1 823,03 € / mois | Voir l’offre | il y a 16 jours",https://www.hellowork.com/fr-fr/emplois/83651319.html,IA,Alternance,2026-09-22 17:56
Alternance Chef de Projet Transformation IA et Processus - Créteil H/FISCOD,Non précisé,https://f.hellowork.com/img/entreprises/198022.png?v=20260604132627,il y a 16 jours,"Alternance Chef de Projet Transformation IA et Processus - Créteil H/F | ISCOD | Créteil - 94 | Alternance | 492,22 - 1 823,03 € / mois | Voir l’offre | il y a 16 jours",https://www.hellowork.com/fr-fr/emplois/83651384.html,IA,Alternance,2026-09-22 17:56
Stage - Ingénieur en Robotique et Intelligence Artificielle H/FFramatome,Non précisé,https://f.hellowork.com/img/entreprises/196426.png?v=20261001112011,il y a 16 jours,Stage - Ingénieur en Robotique et Intelligence Artificielle H/F | Framatome | Lyon - 69 | Stage | Voir l’offre | il y a 16 jours,https://www.hellowork.com/fr-fr/emplois/83647371.html,IA,Stage,2026-09-22 17:56
Stage IA Engineer H/FIppon Technologies,Non précisé,https://f.hellowork.com/img/entreprises/189994.png,il y a 2 jours,Suivi de candidature | Stage IA Engineer H/F | Ippon Technologies | Super recruteur | Paris 16e - 75 | Stage | Télétravail partiel | 6 mois | Voir l’offre | il y a 2 jours,https://www.hellowork.com/fr-fr/emplois/83647504.html,IA,Stage,2026-09-22 17:56
Talent Recruiter - Bac + 5 - Alternance H/FStudency,Non précisé,https://f.hellowork.com/img/entreprises/204864.png?v=20260604132627,il y a 7 jours,Suivi de candidature | Talent Recruiter - Bac + 5 - Alternance H/F | Studency | Paris - 75 | Alternance | 2 ans | Voir l’offre | il y a 7 jours,https://www.hellowork.com/fr-fr/emplois/81909989.html,IA,Alternance,2026-09-22 17:56
Data Analyst - BTP Alternance H/Faivancity,Non précisé,https://f.hellowork.com/img/entreprises/206080.png?v=20261001112013,il y a 3 jours,"Suivi de candidature | Data Analyst - BTP Alternance H/F | aivancity | Villejuif - 94 | Alternance | 954,50 - 1 823,03 € / mois | 24 mois | Voir l’offre | il y a 3 jours",https://www.hellowork.com/fr-fr/emplois/83032336.html,IA,Alternance,2026-09-22 17:56
Alternance Informaticien Cybersécurité - Rouen H/FISCOD,Non précisé,https://f.hellowork.com/img/entreprises/198022.png?v=20260604132627,il y a 16 jours,"Alternance Informaticien Cybersécurité - Rouen H/F | ISCOD | Rouen - 76 | Alternance | 492,22 - 1 823,03 € / mois | Voir l’offre | il y a 16 jours",https://www.hellowork.com/fr-fr/emplois/83651413.html,Cybersécurité,Alternance,2026-09-22 17:56
Alternance Bac+3Développeur - Technicien Support Réseaux & Cybersécurité H/FSup de Vinci,Non précisé,https://f.hellowork.com/img/entreprises/204915.png?v=20261001112012,il y a 16 jours,Alternance Bac+3Développeur - Technicien Support Réseaux & Cybersécurité H/F | Sup de Vinci | Nantes - 44 | Alternance | Télétravail occasionnel | 12 mois | Voir l’offre | il y a 16 jours,https://www.hellowork.com/fr-fr/emplois/83640105.html,Cybersécurité,Alternance,2026-09-22 17:56
Ingénieure - Ingénieur Cloud Security - Stage H/FCapgemini,Non précisé,https://f.hellowork.com/img/entreprises/193881.png,il y a 7 jours,Ingénieure - Ingénieur Cloud Security - Stage H/F | Capgemini | Nancy - 54 | Stage | 6 mois | Voir l’offre | il y a 7 jours,https://www.hellowork.com/fr-fr/emplois/83640508.html,Cybersécurité,Stage,2026-09-22 17:56
Stage Ingénieur·e Intégration et Automatisation Linux - Défense & Sécurité - le Plessis Robinson H/FSopra Steria,Non précisé,https://f.hellowork.com/img/entreprises/202495.png,il y a 8 jours,Suivi de candidature | Stage Ingénieur·e Intégration et Automatisation Linux - Défense & Sécurité - le Plessis Robinson H/F | Sopra Steria | Le Plessis-Robinson - 92 | Stage | Voir l’offre | il y a 8 jours,https://www.hellowork.com/fr-fr/emplois/83642146.html,Cybersécurité,Stage,2026-09-22 17:56
Stage - Développeur de Moyens de Simulation Numériques pour la Défense - Défense & Sécurité - Rennes H/FSopra Steria,Non précisé,https://f.hellowork.com/img/entreprises/202495.png,il y a 12 jours,Suivi de candidature | Stage - Développeur de Moyens de Simulation Numériques pour la Défense - Défense & Sécurité - Rennes H/F | Sopra Steria | Chartres-de-Bretagne - 35 | Stage | Télétravail occasionnel | Voir l’offre | il y a 12 jours,https://www.hellowork.com/fr-fr/emplois/83650499.html,Cybersécurité,Stage,2026-09-22 17:56
Stage - Ingénieur de Développement - Java - Défense & Sécurité - Rennes H/FSopra Steria,Non précisé,https://f.hellowork.com/img/entreprises/202495.png,il y a 8 jours,Suivi de candidature | Stage - Ingénieur de Développement - Java - Défense & Sécurité - Rennes H/F | Sopra Steria | Cesson-Sévigné - 35 | Stage | Voir l’offre | il y a 8 jours,https://www.hellowork.com/fr-fr/emplois/83650526.html,Cybersécurité,Stage,2026-09-22 17:56
Stage - Ingénieur Développement d'Applications Militaires - Défense & Sécurité - Rennes H/FSopra Steria,Non précisé,https://f.hellowork.com/img/entreprises/202495.png,il y a 7 jours,Suivi de candidature | Stage - Ingénieur Développement d'Applications Militaires - Défense & Sécurité - Rennes H/F | Sopra Steria | Cesson-Sévigné - 35 | Stage | Voir l’offre | il y a 7 jours,https://www.hellowork.com/fr-fr/emplois/83650506.html,Cybersécurité,Stage,2026-09-22 17:56
Développeur Sig H/FTalan,Non précisé,https://f.hellowork.com/img/entreprises/202911.png,il y a 3 jours,Suivi de candidature | Développeur Sig H/F | Talan | Lyon - 69 | Stage | Voir l’offre | il y a 3 jours,https://www.hellowork.com/fr-fr/emplois/83582007.html,Développement,Stage,2026-09-22 13:04
Développeur Sig H/FTalan,Non précisé,https://f.hellowork.com/img/entreprises/202911.png,il y a 3 jours,Suivi de candidature | Développeur Sig H/F | Talan | Lyon - 69 | Stage | Voir l’offre | il y a 3 jours,https://www.hellowork.com/fr-fr/emplois/83581978.html,Développement,Stage,2026-09-22 13:04
Développeur Sig H/FCoexya,Non précisé,https://f.hellowork.com/img/entreprises/194472.png,il y a 4 jours,Suivi de candidature | Développeur Sig H/F | Coexya | Super recruteur | Lyon - 69 | Stage | 600 - 1 500 € / mois | Voir l’offre | il y a 4 jours,https://www.hellowork.com/fr-fr/emplois/83585190.html,Développement,Stage,2026-09-22 13:04
Développeur Sig H/FCoexya,Non précisé,https://f.hellowork.com/img/entreprises/194472.png,il y a 4 jours,Suivi de candidature | Développeur Sig H/F | Coexya | Super recruteur | Lyon - 69 | Stage | 600 - 1 500 € / mois | Voir l’offre | il y a 4 jours,https://www.hellowork.com/fr-fr/emplois/83585280.html,Développement,Stage,2026-09-22 13:04
Développeur Sig H/FCoexya,Non précisé,https://f.hellowork.com/img/entreprises/194472.png,il y a 4 jours,Suivi de candidature | Développeur Sig H/F | Coexya | Super recruteur | Lyon - 69 | Stage | 600 - 1 500 € / mois | Voir l’offre | il y a 4 jours,https://www.hellowork.com/fr-fr/emplois/83585209.html,Développement,Stage,2026-09-22 13:04
Stage - Développeur H/FEDF,Non précisé,https://f.hellowork.com/img/entreprises/195385.png?v=20261001112011,il y a 15 jours,Stage - Développeur H/F | EDF | Cattenom - 57 | Stage | 1 200 - 1 500 € / mois | Voir l’offre | il y a 15 jours,https://www.hellowork.com/fr-fr/emplois/83630974.html,Développement,Stage,2026-09-22 13:04
Développeur Sig H/FTalan,Non précisé,https://f.hellowork.com/img/entreprises/202911.png,il y a 3 jours,Suivi de candidature | Développeur Sig H/F | Talan | Lyon - 69 | Stage | Voir l’offre | il y a 3 jours,https://www.hellowork.com/fr-fr/emplois/83581809.html,Développement,Stage,2026-09-22 13:04
Développeur Sig H/FTalan,Non précisé,https://f.hellowork.com/img/entreprises/202911.png,il y a 3 jours,Suivi de candidature | Développeur Sig H/F | Talan | Lyon - 69 | Stage | Voir l’offre | il y a 3 jours,https://www.hellowork.com/fr-fr/emplois/83581935.html,Développement,Stage,2026-09-22 13:04
Développeur Sig H/FTalan,Non précisé,https://f.hellowork.com/img/entreprises/202911.png,il y a 3 jours,Suivi de candidature | Développeur Sig H/F | Talan | Lyon - 69 | Stage | Voir l’offre | il y a 3 jours,https://www.hellowork.com/fr-fr/emplois/83581772.html,Développement,Stage,2026-09-22 13:04
Développeur Sig H/FCoexya,Non précisé,https://f.hellowork.com/img/entreprises/194472.png,il y a 4 jours,Suivi de candidature | Développeur Sig H/F | Coexya | Super recruteur | Lyon - 69 | Stage | 600 - 1 500 € / mois | Voir l’offre | il y a 4 jours,https://www.hellowork.com/fr-fr/emplois/83585365.html,Développement,Stage,2026-09-22 13:04
Développeur Sig H/FCoexya,Non précisé,https://f.hellowork.com/img/entreprises/194472.png,il y a 4 jours,Suivi de candidature | Développeur Sig H/F | Coexya | Super recruteur | Lyon - 69 | Stage | 600 - 1 500 € / mois | Voir l’offre | il y a 4 jours,https://www.hellowork.com/fr-fr/emplois/83585301.html,Développement,Stage,2026-09-22 13:04
Développeur Sig H/FTalan,Non précisé,https://f.hellowork.com/img/entreprises/202911.png,il y a 3 jours,Suivi de candidature | Développeur Sig H/F | Talan | Lyon - 69 | Stage | Voir l’offre | il y a 3 jours,https://www.hellowork.com/fr-fr/emplois/83582049.html,Développement,Stage,2026-09-22 13:04
Développeur Sig H/FCoexya,Non précisé,https://f.hellowork.com/img/entreprises/194472.png,il y a 4 jours,Suivi de candidature | Développeur Sig H/F | Coexya | Super recruteur | Lyon - 69 | Stage | 600 - 1 500 € / mois | Voir l’offre | il y a 4 jours,https://www.hellowork.com/fr-fr/emplois/83585355.html,Développement,Stage,2026-09-22 13:04
Développeur Plateformes Maas H/FCoexya,Non précisé,https://f.hellowork.com/img/entreprises/194472.png,il y a 4 jours,Suivi de candidature | Développeur Plateformes Maas H/F | Coexya | Super recruteur | Lyon - 69 | Stage | 600 - 1 500 € / mois | Voir l’offre | il y a 4 jours,https://www.hellowork.com/fr-fr/emplois/83585375.html,Développement,Stage,2026-09-22 13:04
Développeur Plateformes Maas H/FTalan,Non précisé,https://f.hellowork.com/img/entreprises/202911.png,il y a 4 jours,Suivi de candidature | Développeur Plateformes Maas H/F | Talan | Lyon - 69 | Stage | Voir l’offre | il y a 4 jours,https://www.hellowork.com/fr-fr/emplois/83581941.html,Développement,Stage,2026-09-22 13:04
Développeur IA Générative H/FCoexya,Non précisé,https://f.hellowork.com/img/entreprises/194472.png,il y a 4 jours,Suivi de candidature | Développeur IA Générative H/F | Coexya | Super recruteur | Lyon - 69 | Stage | 600 - 1 500 € / mois | Voir l’offre | il y a 4 jours,https://www.hellowork.com/fr-fr/emplois/83585220.html,Développement,Stage,2026-09-22 13:04
Développeur IA Générative H/FCoexya,Non précisé,https://f.hellowork.com/img/entreprises/194472.png,il y a 4 jours,Suivi de candidature | Développeur IA Générative H/F | Coexya | Super recruteur | Lyon - 69 | Stage | 600 - 1 500 € / mois | Voir l’offre | il y a 4 jours,https://www.hellowork.com/fr-fr/emplois/83585319.html,Développement,Stage,2026-09-22 13:04
Développeur IA Générative H/FTalan,Non précisé,https://f.hellowork.com/img/entreprises/202911.png,il y a 4 jours,Suivi de candidature | Développeur IA Générative H/F | Talan | Lyon - 69 | Stage | Voir l’offre | il y a 4 jours,https://www.hellowork.com/fr-fr/emplois/83581868.html,Développement,Stage,2026-09-22 13:04
Stage - Mise en Oeuvre de Data Quality dans une Data Platform H/FSafran,Non précisé,https://f.hellowork.com/img/entreprises/215443.png,il y a 7 jours,Suivi de candidature | Stage - Mise en Oeuvre de Data Quality dans une Data Platform H/F | Safran | Gonfreville-l'Orcher - 76 | Stage | 6 mois | Voir l’offre | il y a 7 jours,https://www.hellowork.com/fr-fr/emplois/83636251.html,Data,Stage,2026-09-22 13:04
Alternance - Chef.Fe de Projet IA & Transformation H/FIriig,Non précisé,https://f.hellowork.com/img/entreprises/198005.png,il y a 1 jour,"Suivi de candidature | Alternance - Chef.Fe de Projet IA & Transformation H/F | Iriig | Lyon - 69 | Alternance | 1 138,88 - 1 456,28 € / mois | 1 an | Voir l’offre | il y a 1 jour",https://www.hellowork.com/fr-fr/emplois/83634454.html,IA,Alternance,2026-09-22 13:04
Stage IA de Confiance - Abstraction Bilinéaires pour les Rnn et Transformers -Saclay H/FCEA,Non précisé,https://f.hellowork.com/img/entreprises/194020.png,il y a 4 jours,Stage IA de Confiance - Abstraction Bilinéaires pour les Rnn et Transformers -Saclay H/F | CEA | Saclay - 91 | Stage | 4 mois | Voir l’offre | il y a 4 jours,https://www.hellowork.com/fr-fr/emplois/83624961.html,IA,Stage,2026-09-22 13:04
Ingénieur de Développement Nlp - Rag H/FTalan,Non précisé,https://f.hellowork.com/img/entreprises/202911.png,il y a 4 jours,Suivi de candidature | Ingénieur de Développement Nlp - Rag H/F | Talan | Lyon - 69 | Stage | Voir l’offre | il y a 4 jours,https://www.hellowork.com/fr-fr/emplois/83581905.html,IA,Stage,2026-09-22 13:04
Ingénieur de Développement Nlp - Llm H/FTalan,Non précisé,https://f.hellowork.com/img/entreprises/202911.png,il y a 4 jours,Suivi de candidature | Ingénieur de Développement Nlp - Llm H/F | Talan | Lyon - 69 | Stage | Voir l’offre | il y a 4 jours,https://www.hellowork.com/fr-fr/emplois/83581787.html,IA,Stage,2026-09-22 13:04
Ingénieur de Développement Nlp - Rag H/FCoexya,Non précisé,https://f.hellowork.com/img/entreprises/194472.png,il y a 4 jours,Suivi de candidature | Ingénieur de Développement Nlp - Rag H/F | Coexya | Super recruteur | Lyon - 69 | Stage | 600 - 1 500 € / mois | Voir l’offre | il y a 4 jours,https://www.hellowork.com/fr-fr/emplois/83585328.html,IA,Stage,2026-09-22 13:04
Ingénieur de Développement Nlp - Llm H/FCoexya,Non précisé,https://f.hellowork.com/img/entreprises/194472.png,il y a 4 jours,Suivi de candidature | Ingénieur de Développement Nlp - Llm H/F | Coexya | Super recruteur | Lyon - 69 | Stage | 600 - 1 500 € / mois | Voir l’offre | il y a 4 jours,https://www.hellowork.com/fr-fr/emplois/83585232.html,IA,Stage,2026-09-22 13:04
Ingénieure - Ingénieur Cloud Security - Stage H/FCapgemini,Non précisé,https://f.hellowork.com/img/entreprises/193881.png,il y a 12 jours,Ingénieure - Ingénieur Cloud Security - Stage H/F | Capgemini | Lille - 59 | Stage | Télétravail occasionnel | 6 mois | Voir l’offre | il y a 12 jours,https://www.hellowork.com/fr-fr/emplois/83631217.html,Cybersécurité,Stage,2026-09-22 13:04
Ingénieure - Ingénieur Cloud Security - Stage H/FCapgemini,Non précisé,https://f.hellowork.com/img/entreprises/193881.png,il y a 7 jours,Ingénieure - Ingénieur Cloud Security - Stage H/F | Capgemini | Schiltigheim - 67 | Stage | Télétravail partiel | 6 mois | Voir l’offre | il y a 7 jours,https://www.hellowork.com/fr-fr/emplois/83631163.html,Cybersécurité,Stage,2026-09-22 13:04
Ingénieure - Ingénieur Devsecops - Stage H/FCapgemini,Non précisé,https://f.hellowork.com/img/entreprises/193881.png,il y a 7 jours,Ingénieure - Ingénieur Devsecops - Stage H/F | Capgemini | Issy-les-Moulineaux - 92 | Stage | Télétravail occasionnel | 6 mois | Voir l’offre | il y a 7 jours,https://www.hellowork.com/fr-fr/emplois/83635709.html,Cybersécurité,Stage,2026-09-22 13:04
Stage - Développeur·se Java - Défense et Sécurité - Lille H/FSopra Steria,Non précisé,https://f.hellowork.com/img/entreprises/202495.png,il y a 8 jours,Suivi de candidature | Stage - Développeur·se Java - Défense et Sécurité - Lille H/F | Sopra Steria | Villeneuve-d'Ascq - 59 | Stage | Télétravail occasionnel | Voir l’offre | il y a 8 jours,https://www.hellowork.com/fr-fr/emplois/83635852.html,Cybersécurité,Stage,2026-09-22 13:04
Data Analyst en Alternance H/FSup de Vinci,Non précisé,https://f.hellowork.com/img/entreprises/204915.png,il y a 9 jours,Data Analyst en Alternance H/F | Sup de Vinci | Puteaux - 92 | Alternance | 24 mois | Voir l’offre | il y a 9 jours,https://www.hellowork.com/fr-fr/emplois/79249862.html,Data,Alternance,2026-09-22 07:17
Data Engineer - BTP Alternance H/Faivancity,Non précisé,https://f.hellowork.com/img/entreprises/206080.png?v=20261001112013,il y a 3 jours,"Suivi de candidature | Data Engineer - BTP Alternance H/F | aivancity | Villejuif - 94 | Alternance | 954,50 - 1 801,80 € / mois | 24 mois | Voir l’offre | il y a 3 jours",https://www.hellowork.com/fr-fr/emplois/83032420.html,IA,Alternance,2026-09-22 01:25
Stage Assistant Ingénieur Informatique Industrielle H/FChantiers de l'Atlantique,Non précisé,https://f.hellowork.com/img/entreprises/206340.png,il y a 21 heures,Suivi de candidature | Stage Assistant Ingénieur Informatique Industrielle H/F | Chantiers de l'Atlantique | Saint-Nazaire - 44 | Stage | 4 mois | Voir l’offre | il y a 21 heures,https://www.hellowork.com/fr-fr/emplois/83614691.html,Cybersécurité,Stage,2026-09-22 01:25
Alternance Développeur Backend Java - Rennes H/FISCOD,Non précisé,https://f.hellowork.com/img/entreprises/198022.png?v=20260604132627,il y a 16 jours,"Alternance Développeur Backend Java - Rennes H/F | ISCOD | Rennes - 35 | Alternance | 492,22 - 1 823,03 € / mois | Voir l’offre | il y a 16 jours",https://www.hellowork.com/fr-fr/emplois/83605012.html,Développement,Alternance,2026-09-21 22:25
Alternance en Gestion et Amélioration de la Data H/FGroupe Atlantic,Non précisé,https://f.hellowork.com/img/entreprises/196883.png,il y a 9 heures,Suivi de candidature | Alternance en Gestion et Amélioration de la Data H/F | Groupe Atlantic | Arcueil - 94 | Alternance | 1 an | Voir l’offre | il y a 9 heures,https://www.hellowork.com/fr-fr/emplois/78218660.html,Data,Alternance,2026-09-21 22:25
Data Scientist - Alternance H/FCapgemini,Non précisé,https://f.hellowork.com/img/entreprises/193881.png,il y a 17 heures,"Data Scientist - Alternance H/F | Capgemini | Issy-les-Moulineaux - 92 | Alternance | 492,22 - 1 823,03 € / mois | Télétravail occasionnel | + 1 | Voir l’offre | il y a 17 heures",https://www.hellowork.com/fr-fr/emplois/83602292.html,IA,Alternance,2026-09-21 22:25
Stagiaire Procurement Digital & Data Specialist Laval 53 H/FLactalis,Non précisé,https://f.hellowork.com/img/entreprises/198651.png,il y a 6 jours,Suivi de candidature | Stagiaire Procurement Digital & Data Specialist Laval 53 H/F | Lactalis | Laval - 53 | Stage | Voir l’offre | il y a 6 jours,https://www.hellowork.com/fr-fr/emplois/83604725.html,Data,Stage,2026-09-21 22:25
Stagiaire Data & Transformation Digitale Achats Laval 53 H/FLactalis,Non précisé,https://f.hellowork.com/img/entreprises/198651.png,il y a 22 heures,Suivi de candidature | Stagiaire Data & Transformation Digitale Achats Laval 53 H/F | Lactalis | Laval - 53 | Stage | Voir l’offre | il y a 22 heures,https://www.hellowork.com/fr-fr/emplois/83605052.html,Data,Stage,2026-09-21 22:25
Stagiaire Data & Transformation Digitale - 4 à - Laval 53 H/FLactalis,Non précisé,https://f.hellowork.com/img/entreprises/198651.png,il y a 2 jours,Suivi de candidature | Stagiaire Data & Transformation Digitale - 4 à - Laval 53 H/F | Lactalis | Laval - 53 | Stage | Voir l’offre | il y a 2 jours,https://www.hellowork.com/fr-fr/emplois/83604720.html,Data,Stage,2026-09-21 22:25
Ingénieur Dimensionnement des Structures - Etude de Stabilité de Structures Sous Séisme LS-Dyna et Mise en Place d'Un Modèle de Machine Learning H/FOrano,Non précisé,https://f.hellowork.com/img/entreprises/200423.png?v=20261001112012,il y a 16 jours,Ingénieur Dimensionnement des Structures - Etude de Stabilité de Structures Sous Séisme LS-Dyna et Mise en Place d'Un Modèle de Machine Learning H/F | Orano | France | Stage | Télétravail occasionnel | 6 mois | Voir l’offre | il y a 16 jours,https://www.hellowork.com/fr-fr/emplois/83602495.html,IA,Stage,2026-09-21 22:25
Stage - Chef de Projet Servicenow H/FDevoteam France,Non précisé,https://f.hellowork.com/img/entreprises/206441.png,il y a 8 jours,Suivi de candidature | Stage - Chef de Projet Servicenow H/F | Devoteam France | Levallois-Perret - 92 | Stage | Voir l’offre | il y a 8 jours,https://www.hellowork.com/fr-fr/emplois/81534651.html,IA,Stage,2026-09-21 22:25
Alternance Cybersécurité OT - Issy-Les-Moulineaux H/FISCOD,Non précisé,https://f.hellowork.com/img/entreprises/198022.png,il y a 7 jours,"Alternance Cybersécurité OT - Issy-Les-Moulineaux H/F | ISCOD | Issy-les-Moulineaux - 92 | Alternance | 492,22 - 1 823,03 € / mois | Voir l’offre | il y a 7 jours",https://www.hellowork.com/fr-fr/emplois/83605042.html,Cybersécurité,Alternance,2026-09-21 22:25
Ingénieure - Ingénieur Cybersécurité Grc - Stage H/FCapgemini,Non précisé,https://f.hellowork.com/img/entreprises/193881.png?v=20261001112010,il y a 16 jours,Ingénieure - Ingénieur Cybersécurité Grc - Stage H/F | Capgemini | Lille - 59 | Stage | Télétravail occasionnel | 6 mois | Voir l’offre | il y a 16 jours,https://www.hellowork.com/fr-fr/emplois/83602218.html,Cybersécurité,Stage,2026-09-21 22:25
Technicien Cybersécurité Industrielle en Alternance H/FMyDigitalSchool Angers,Non précisé,https://f.hellowork.com/img/entreprises/207109.png?v=20260604132627,il y a 16 jours,"Technicien Cybersécurité Industrielle en Alternance H/F | MyDigitalSchool Angers | Angers - 49 | Alternance | 492,22 - 1 867,02 € / mois | 24 mois | Voir l’offre | il y a 16 jours",https://www.hellowork.com/fr-fr/emplois/81572361.html,Cybersécurité,Alternance,2026-09-21 22:25
Stagiaire Qualité Gestion Base Données Sécurité Aliments - - Laval 53 H/FLactalis,Non précisé,https://f.hellowork.com/img/entreprises/198651.png,il y a 15 heures,Suivi de candidature | Stagiaire Qualité Gestion Base Données Sécurité Aliments - - Laval 53 H/F | Lactalis | Laval - 53 | Stage | Voir l’offre | il y a 15 heures,https://www.hellowork.com/fr-fr/emplois/83604935.html,Cybersécurité,Stage,2026-09-21 22:25
Stage - Développeur de Communication Numérique et Autres H/FSafran,Non précisé,https://f.hellowork.com/img/entreprises/215443.png,il y a 9 jours,Suivi de candidature | Stage - Développeur de Communication Numérique et Autres H/F | Safran | Massy - 91 | Stage | 3 mois | Voir l’offre | il y a 9 jours,https://www.hellowork.com/fr-fr/emplois/83598007.html,Développement,Stage,2026-09-21 18:27
Stage Data Sciences R&D H/FL'Occitane,Non précisé,https://f.hellowork.com/img/entreprises/199103.png,il y a 7 jours,Stage Data Sciences R&D H/F | L'Occitane | Manosque - 04 | Stage | 6 mois | Voir l’offre | il y a 7 jours,https://www.hellowork.com/fr-fr/emplois/83598135.html,Data,Stage,2026-09-21 18:27
Stage en Conception Matériel pour Accélérateur IA - Grenoble- 38 H/FCEA,Non précisé,https://f.hellowork.com/img/entreprises/194020.png,il y a 7 jours,Stage en Conception Matériel pour Accélérateur IA - Grenoble- 38 H/F | CEA | Grenoble - 38 | Stage | 3 mois | Voir l’offre | il y a 7 jours,https://www.hellowork.com/fr-fr/emplois/83591056.html,IA,Stage,2026-09-21 18:27
Calibration de Modèles Physiques par Inversion Probabiliste sur Plusieurs Sources de Données H/FCEA,Non précisé,https://f.hellowork.com/img/entreprises/194020.png,il y a 14 jours,Calibration de Modèles Physiques par Inversion Probabiliste sur Plusieurs Sources de Données H/F | CEA | Gif-sur-Yvette - 91 | Stage | Voir l’offre | il y a 14 jours,https://www.hellowork.com/fr-fr/emplois/83591055.html,IA,Stage,2026-09-21 18:27
Développeur - Alternance H/FEEMI Lyon,Non précisé,https://f.hellowork.com/img/entreprises/212533.png,il y a 6 jours,Développeur - Alternance H/F | EEMI Lyon | Lyon - 69 | Alternance | 800 - 1 800 € / mois | 12 mois | Voir l’offre | il y a 6 jours,https://www.hellowork.com/fr-fr/emplois/83575088.html,Développement,Alternance,2026-09-21 12:28
Stage - 3 à - Développeur Backend Python H/FBPCE Infogérance & Technologies,Non précisé,https://f.hellowork.com/img/entreprises/206261.png,il y a 9 jours,Stage - 3 à - Développeur Backend Python H/F | BPCE Infogérance & Technologies | Charenton-le-Pont - 94 | Stage | Voir l’offre | il y a 9 jours,https://www.hellowork.com/fr-fr/emplois/83588968.html,Développement,Stage,2026-09-21 12:28
Stage - Data Management - Gouvernance des Données RH H/FBNP Paribas,Non précisé,https://f.hellowork.com/img/entreprises/193475.png,il y a 15 heures,Stage - Data Management - Gouvernance des Données RH H/F | BNP Paribas | Paris - 75 | Stage | 1 250 - 2 100 € / mois | Télétravail partiel | Voir l’offre | il y a 15 heures,https://www.hellowork.com/fr-fr/emplois/83583010.html,Data,Stage,2026-09-21 12:28
Offre de Stage Développement de Modèles Hybrides Physique-IA pour le Rttr H/FL'Industrie recrute,Non précisé,https://f.hellowork.com/img/entreprises/199036.png,il y a 4 jours,Offre de Stage Développement de Modèles Hybrides Physique-IA pour le Rttr H/F | L'Industrie recrute | Pau - 64 | Stage | Voir l’offre | il y a 4 jours,https://www.hellowork.com/fr-fr/emplois/83583000.html,IA,Stage,2026-09-21 12:28
Stage - IA Machine Learning Appliqué à la Simulation Physique H/FSafran,Non précisé,https://f.hellowork.com/img/entreprises/215443.png?v=20260605150802,il y a 5 jours,Suivi de candidature | Stage - IA Machine Learning Appliqué à la Simulation Physique H/F | Safran | Moissy-Cramayel - 77 | Stage | 6 mois | Voir l’offre | il y a 5 jours,https://www.hellowork.com/fr-fr/emplois/82950630.html,IA,Stage,2026-09-21 12:28
Stage - IA Générative & Conception Mécanique H/FSafran,Non précisé,https://f.hellowork.com/img/entreprises/215443.png,il y a 20 jours,Suivi de candidature | Stage - IA Générative & Conception Mécanique H/F | Safran | Moissy-Cramayel - 77 | Stage | 6 mois | Voir l’offre | il y a 20 jours,https://www.hellowork.com/fr-fr/emplois/82950546.html,IA,Stage,2026-09-21 12:28
Stage Consultant·e Cybersécurité Grc - Défense & Sécurité - le Plessis Robinson H/FSopra Steria,Non précisé,https://f.hellowork.com/img/entreprises/202495.png,il y a 13 jours,Suivi de candidature | Stage Consultant·e Cybersécurité Grc - Défense & Sécurité - le Plessis Robinson H/F | Sopra Steria | Le Plessis-Robinson - 92 | Stage | Télétravail occasionnel | Voir l’offre | il y a 13 jours,https://www.hellowork.com/fr-fr/emplois/83584332.html,Cybersécurité,Stage,2026-09-21 12:28
Stage - Intégration et Valorisation de Données Temps Réel dans Crimson pour la Gestion des Opérations de Sécurité Civile - Défense & Sécurité - Toulouse H/FSopra Steria,Non précisé,https://f.hellowork.com/img/entreprises/202495.png,il y a 9 jours,Suivi de candidature | Stage - Intégration et Valorisation de Données Temps Réel dans Crimson pour la Gestion des Opérations de Sécurité Civile - Défense & Sécurité - Toulouse H/F | Sopra Steria | Toulouse - 31 | Stage | Voir l’offre | il y a 9 jours,https://www.hellowork.com/fr-fr/emplois/83577638.html,Cybersécurité,Stage,2026-09-21 12:28
Stage - Ux Développement React et Déploiement de Crimson Pics Solution Numérique de Gestion de Crise - Défense & Sécurité - Toulouse H/FSopra Steria,Non précisé,https://f.hellowork.com/img/entreprises/202495.png,il y a 9 heures,Suivi de candidature | Stage - Ux Développement React et Déploiement de Crimson Pics Solution Numérique de Gestion de Crise - Défense & Sécurité - Toulouse H/F | Sopra Steria | Toulouse - 31 | Stage | Voir l’offre | il y a 9 heures,https://www.hellowork.com/fr-fr/emplois/83577648.html,Cybersécurité,Stage,2026-09-21 12:28
Développeur Informatique dans le Domaine des Systèmes d'Information Géographique Sig H/FSup de Vinci,Non précisé,https://f.hellowork.com/img/entreprises/204915.png,il y a 16 jours,Développeur Informatique dans le Domaine des Systèmes d'Information Géographique Sig H/F | Sup de Vinci | Puteaux - 92 | Alternance | 2 ans | Voir l’offre | il y a 16 jours,https://www.hellowork.com/fr-fr/emplois/79207170.html,Développement,Alternance,2026-09-20 22:58
Alternance - Développer Power Bi H/FStudi CFA,Non précisé,https://f.hellowork.com/img/entreprises/202763.png,il y a 16 jours,"Suivi de candidature | Alternance - Développer Power Bi H/F | Studi CFA | Lille - 59 | Alternance | 492,22 - 1 823,03 € / mois | Voir l’offre | il y a 16 jours",https://www.hellowork.com/fr-fr/emplois/81542568.html,Développement,Alternance,2026-09-20 22:58
Alternance - Data Analyst H/FStudi CFA,Non précisé,https://f.hellowork.com/img/entreprises/202763.png,il y a 8 jours,"Suivi de candidature | Alternance - Data Analyst H/F | Studi CFA | Saint-Denis - 93 | Alternance | 492,22 - 1 823,03 € / mois | Voir l’offre | il y a 8 jours",https://www.hellowork.com/fr-fr/emplois/79167981.html,Data,Alternance,2026-09-20 00:37
Alternance Développeuse - Développeur Microsoft Power Platform H/FEPSI Toulouse,Non précisé,https://f.hellowork.com/img/entreprises/195749.png?v=20261001112011,il y a 18 jours,"Suivi de candidature | Alternance Développeuse - Développeur Microsoft Power Platform H/F | EPSI Toulouse | Toulouse - 31 | Alternance | 1 823,03 € / mois | 2 ans | Voir l’offre | il y a 18 jours",https://www.hellowork.com/fr-fr/emplois/77025508.html,Développement,Alternance,2026-09-19 22:39
Bussines Developer - Alternance H/FAudiolog Chartres,Non précisé,,il y a 12 jours,Suivi de candidature | Bussines Developer - Alternance H/F | Audiolog Chartres | Paris - 75 | Alternance | 1 an | Voir l’offre | il y a 12 jours,https://www.hellowork.com/fr-fr/emplois/82511707.html,Développement,Alternance,2026-09-19 22:39
Alternance Développeur Concepteur Web & IA H/F,Non précisé,,il y a 18 jours,"Alternance Développeur Concepteur Web & IA H/F | Cette entreprise souhaite rester anonyme | Nantes - 44 | Alternance | 929,75 - 1 112,05 € / mois | 2 ans | Voir l’offre | il y a 18 jours",https://www.hellowork.com/fr-fr/emplois/77024967.html,Développement,Alternance,2026-09-19 22:39
Formation Bac+4 en Alternance Alternance Développeuse - Développeur Java H/FEPSI Toulouse,Non précisé,https://f.hellowork.com/img/entreprises/195749.png,il y a 17 jours,"Suivi de candidature | Formation Bac+4 en Alternance Alternance Développeuse - Développeur Java H/F | EPSI Toulouse | Toulouse - 31 | Alternance | 1 823,03 € / mois | 2 ans | Voir l’offre | il y a 17 jours",https://www.hellowork.com/fr-fr/emplois/77025520.html,Développement,Alternance,2026-09-19 22:39
Alternance Dév Digital - l'Auberge Ensoleillée H/F,Non précisé,,il y a 5 jours,Suivi de candidature | Alternance Dév Digital - l'Auberge Ensoleillée H/F | Annemasse - 74 | Alternance | 2 ans | Voir l’offre | il y a 5 jours,https://www.hellowork.com/fr-fr/emplois/82499829.html,Développement,Alternance,2026-09-19 22:39
Quantitative Développeur H/FMeritis,Non précisé,https://f.hellowork.com/img/entreprises/199603.png,il y a 19 jours,Suivi de candidature | Quantitative Développeur H/F | Meritis | Paris - 75 | Stage | Voir l’offre | il y a 19 jours,https://www.hellowork.com/fr-fr/emplois/83509914.html,Développement,Stage,2026-09-19 22:39
Stage - Développer l'Activité du Vélo H/FDecathlon,Non précisé,https://f.hellowork.com/img/entreprises/189364.png,il y a 2 jours,Stage - Développer l'Activité du Vélo H/F | Decathlon | Neuville-en-Ferrain - 59 | Stage | Voir l’offre | il y a 2 jours,https://www.hellowork.com/fr-fr/emplois/81472533.html,Développement,Stage,2026-09-19 22:39
Alternance Data & Tech International - Levallois-Perret H/FISCOD,Non précisé,https://f.hellowork.com/img/entreprises/198022.png,il y a 11 jours,"Alternance Data & Tech International - Levallois-Perret H/F | ISCOD | Levallois-Perret - 92 | Alternance | 492,22 - 1 823,03 € / mois | Voir l’offre | il y a 11 jours",https://www.hellowork.com/fr-fr/emplois/82508635.html,Data,Alternance,2026-09-19 22:39
Alternance -Data Controleur - Assistant Comptable -Bac+3 H/FIpac Bachelor Factory Vannes,Non précisé,https://f.hellowork.com/img/entreprises/206850.png,il y a 10 jours,"Suivi de candidature | Alternance -Data Controleur - Assistant Comptable -Bac+3 H/F | Ipac Bachelor Factory Vannes | Lorient - 56 | Alternance | 1 823,03 € / mois | 12 mois | Voir l’offre | il y a 10 jours",https://www.hellowork.com/fr-fr/emplois/77007114.html,Data,Alternance,2026-09-19 22:39
Alternance - Data Engineer H/FStudi CFA,Non précisé,https://f.hellowork.com/img/entreprises/202763.png,il y a 12 jours,"Suivi de candidature | Alternance - Data Engineer H/F | Studi CFA | Lyon 2e - 69 | Alternance | 492,22 - 1 823,03 € / mois | Voir l’offre | il y a 12 jours",https://www.hellowork.com/fr-fr/emplois/79167965.html,Data,Alternance,2026-09-19 22:39
Alternance Essai Hydromécanique Data Analyst - Data Scientist H/FSafran,Non précisé,https://f.hellowork.com/img/entreprises/215443.png,il y a 11 jours,"Suivi de candidature | Alternance Essai Hydromécanique Data Analyst - Data Scientist H/F | Safran | Réau - 77 | Alternance | 492,22 - 1 823,03 € / mois | 2 ans | Voir l’offre | il y a 11 jours",https://www.hellowork.com/fr-fr/emplois/81473190.html,Data,Alternance,2026-09-19 22:39
Stage Chef de Projet Junior - Data IA & Performance Énergétique H/FArmorine,Non précisé,https://f.hellowork.com/img/entreprises/192771.png,il y a 11 jours,"Suivi de candidature | Stage Chef de Projet Junior - Data IA & Performance Énergétique H/F | Armorine | Caudan - 56 | Stage | 900 - 1 870,02 € / mois | 2 mois | Voir l’offre | il y a 11 jours",https://www.hellowork.com/fr-fr/emplois/82509902.html,Data,Stage,2026-09-19 22:39
Alternance Administrateur Cybersécurité H/FNEXA Digital School,Non précisé,https://f.hellowork.com/img/entreprises/200053.png?v=20260915121034,il y a 18 jours,"Alternance Administrateur Cybersécurité H/F | NEXA Digital School | Saint-Quentin - 02 | Alternance | 900 - 1 867,02 € / mois | 24 mois | Voir l’offre | il y a 18 jours",https://www.hellowork.com/fr-fr/emplois/80377962.html,Cybersécurité,Alternance,2026-09-19 22:39
Alternance Cybersécurité - Bac+2 H/FNEXA Digital School,Non précisé,https://f.hellowork.com/img/entreprises/200053.png?v=20260915121034,il y a 18 jours,"Alternance Cybersécurité - Bac+2 H/F | NEXA Digital School | Nantes - 44 | Alternance | 800 - 1 823,03 € / mois | Télétravail partiel | + 1 | Voir l’offre | il y a 18 jours",https://www.hellowork.com/fr-fr/emplois/76981445.html,Cybersécurité,Alternance,2026-09-19 22:39
Alternance Chargé de Projet Informatique & Cybersécurité H/FMyDigitalSchool Montpellier,Non précisé,https://f.hellowork.com/img/entreprises/207112.png?v=20260604132627,il y a 18 jours,Suivi de candidature | Alternance Chargé de Projet Informatique & Cybersécurité H/F | MyDigitalSchool Montpellier | Montpellier - 34 | Alternance | 800 - 1 800 € / mois | 12 mois | Voir l’offre | il y a 18 jours,https://www.hellowork.com/fr-fr/emplois/82500977.html,Cybersécurité,Alternance,2026-09-19 22:39
Alternant Consultant en Cybersécurité H/FNEXA Digital School,Non précisé,https://f.hellowork.com/img/entreprises/200053.png?v=20260915121034,il y a 18 jours,Alternant Consultant en Cybersécurité H/F | NEXA Digital School | Lille - 59 | Alternance | Télétravail occasionnel | 24 mois | Voir l’offre | il y a 18 jours,https://www.hellowork.com/fr-fr/emplois/81475304.html,Cybersécurité,Alternance,2026-09-19 22:39
Alternance - Consultant Cybersécurité H/FCybersup,Non précisé,https://f.hellowork.com/img/entreprises/205602.png,il y a 9 jours,Alternance - Consultant Cybersécurité H/F | Cybersup | Paris - Hauts-de-Seine | Alternance | 500 - 1 800 € / mois | Télétravail partiel | + 1 | Voir l’offre | il y a 9 jours,https://www.hellowork.com/fr-fr/emplois/77009859.html,Cybersécurité,Alternance,2026-09-19 22:39
E-Business Developer - Alternance H/FEEMI Paris,Non précisé,https://f.hellowork.com/img/entreprises/212478.png,il y a 5 jours,E-Business Developer - Alternance H/F | EEMI Paris | Paris - 75 | Alternance | 800 - 1 800 € / mois | 12 mois | Voir l’offre | il y a 5 jours,https://www.hellowork.com/fr-fr/emplois/83329168.html,Développement,Alternance,2026-09-19 17:45
Apprenti Data Ingénieur H/FSpie GLOBAL SERVICES ENERGY,Non précisé,https://f.hellowork.com/img/entreprises/202620.png?v=20260618115507,il y a 19 heures,Suivi de candidature | Apprenti Data Ingénieur H/F | Spie GLOBAL SERVICES ENERGY | Cergy - 95 | Alternance | 2 ans | Voir l’offre | il y a 19 heures,https://www.hellowork.com/fr-fr/emplois/82130810.html,Data,Alternance,2026-09-19 17:45
Stage - Ingénieur Logiciel & Machine Learning H/FDassault Systèmes,Non précisé,,il y a 4 jours,Stage - Ingénieur Logiciel & Machine Learning H/F | Dassault Systèmes | Vélizy-Villacoublay - 78 | Stage | Voir l’offre | il y a 4 jours,https://www.hellowork.com/fr-fr/emplois/83551178.html,IA,Stage,2026-09-19 00:56
Alternance Chargé de Projet IA & Automatisation - Grenoble H/FISCOD,Non précisé,https://f.hellowork.com/img/entreprises/198022.png?v=20260604132627,il y a 19 jours,"Alternance Chargé de Projet IA & Automatisation - Grenoble H/F | ISCOD | Grenoble - 38 | Alternance | 492,22 - 1 823,03 € / mois | Voir l’offre | il y a 19 jours",https://www.hellowork.com/fr-fr/emplois/83547243.html,IA,Alternance,2026-09-18 19:26
Alternance Chargé de Projet IA & Automatisation - Annecy H/FISCOD,Non précisé,https://f.hellowork.com/img/entreprises/198022.png?v=20260604132627,il y a 19 jours,"Alternance Chargé de Projet IA & Automatisation - Annecy H/F | ISCOD | Annecy - 74 | Alternance | 492,22 - 1 823,03 € / mois | Voir l’offre | il y a 19 jours",https://www.hellowork.com/fr-fr/emplois/83547248.html,IA,Alternance,2026-09-18 19:26
Alternance -Développer Font-End Intégration H/FStudi CFA,Non précisé,https://f.hellowork.com/img/entreprises/202763.png,il y a 8 jours,"Suivi de candidature | Alternance -Développer Font-End Intégration H/F | Studi CFA | Saint-Évarzec - 29 | Alternance | 492,22 - 1 823,03 € / mois | Voir l’offre | il y a 8 jours",https://www.hellowork.com/fr-fr/emplois/76660914.html,Développement,Alternance,2026-09-18 16:55
Stage - Ingénieur Industrial Data H/FSafran,Non précisé,https://f.hellowork.com/img/entreprises/215443.png,il y a 17 jours,Suivi de candidature | Stage - Ingénieur Industrial Data H/F | Safran | Évry-Courcouronnes - 91 | Stage | 6 mois | Voir l’offre | il y a 17 jours,https://www.hellowork.com/fr-fr/emplois/83539336.html,Data,Stage,2026-09-18 16:55
Offre de Stage - IA & Data - Bac+3 - Début 2027 H/FEPSI Montpellier,Non précisé,https://f.hellowork.com/img/entreprises/195745.png,il y a 11 jours,Suivi de candidature | Offre de Stage - IA & Data - Bac+3 - Début 2027 H/F | EPSI Montpellier | Montpellier - 34 | Stage | Télétravail occasionnel | 4 mois | Voir l’offre | il y a 11 jours,https://www.hellowork.com/fr-fr/emplois/83525881.html,Data,Stage,2026-09-18 16:55
Stage - Data Science Développement d'Un Simulateur d'Échantillonnage Avancé pour l'Optimisation des Mesures sur Matières Solides H/FVeolia Environnement,Non précisé,https://f.hellowork.com/img/entreprises/203631.png,il y a 6 jours,Suivi de candidature | Stage - Data Science Développement d'Un Simulateur d'Échantillonnage Avancé pour l'Optimisation des Mesures sur Matières Solides H/F | Veolia Environnement | Aubervilliers - 93 | Stage | Voir l’offre | il y a 6 jours,https://www.hellowork.com/fr-fr/emplois/83531197.html,IA,Stage,2026-09-18 16:55
Alternance - Chef.Fe de Projet IA & Transformation H/FIriig,Non précisé,https://f.hellowork.com/img/entreprises/198005.png,il y a 3 jours,"Résultats proches | Les offres ci-dessous sont basées sur les mots-clés de votre recherche | Suivi de candidature | Alternance - Chef.Fe de Projet IA & Transformation H/F | Iriig | Lyon - 69 | Alternance | 1 138,88 - 1 456,28 € / mois | 1 an | Voir l’offre | il y a 3 jours",https://www.hellowork.com/fr-fr/emplois/83529881.html,IA,Alternance,2026-09-18 16:55
Stage Logiciel Intelligence Artificielle Embarquée H/FMBDA,Non précisé,https://f.hellowork.com/img/entreprises/199482.png?v=20261001112012,il y a 20 jours,Suivi de candidature | Stage Logiciel Intelligence Artificielle Embarquée H/F | MBDA | Bourges - 18 | Stage | 6 mois | Voir l’offre | il y a 20 jours,https://www.hellowork.com/fr-fr/emplois/83540271.html,IA,Stage,2026-09-18 16:55
Stage Architecture Système Machine Learning et Optimisation Bayésienne Multi-Objectifs H/FMBDA,Non précisé,https://f.hellowork.com/img/entreprises/199482.png?v=20261001112012,il y a 20 jours,Suivi de candidature | Stage Architecture Système Machine Learning et Optimisation Bayésienne Multi-Objectifs H/F | MBDA | Le Plessis-Robinson - 92 | Stage | 6 mois | Voir l’offre | il y a 20 jours,https://www.hellowork.com/fr-fr/emplois/83524340.html,IA,Stage,2026-09-18 16:55
Alternant Cybersécurité - Bac+4 - +5 H/FSup de Vinci,Non précisé,https://f.hellowork.com/img/entreprises/204915.png?v=20261001112012,il y a 20 jours,Alternant Cybersécurité - Bac+4 - +5 H/F | Sup de Vinci | Nantes - 44 | Alternance | Télétravail occasionnel | 24 mois | Voir l’offre | il y a 20 jours,https://www.hellowork.com/fr-fr/emplois/83535908.html,Cybersécurité,Alternance,2026-09-18 16:55
Stage Logiciel Cybersécurité Embarquée H/FMBDA,Non précisé,https://f.hellowork.com/img/entreprises/199482.png?v=20261001112012,il y a 20 jours,Suivi de candidature | Stage Logiciel Cybersécurité Embarquée H/F | MBDA | Bourges - 18 | Stage | 6 mois | Voir l’offre | il y a 20 jours,https://www.hellowork.com/fr-fr/emplois/83540249.html,Cybersécurité,Stage,2026-09-18 16:55
Arquus Stage - Systèmes Embarqués et Cybersécurité H/FJohn Cockerill,Non précisé,https://f.hellowork.com/img/entreprises/198193.png,il y a 23 jours,Arquus Stage - Systèmes Embarqués et Cybersécurité H/F | John Cockerill | Versailles - 78 | Stage | 6 mois | Voir l’offre | il y a 23 jours,https://www.hellowork.com/fr-fr/emplois/79020326.html,Cybersécurité,Stage,2026-09-18 16:55
Ingénieure - Ingénieur Cybersécurité Grc - Stage H/FCapgemini,Non précisé,https://f.hellowork.com/img/entreprises/193881.png?v=20261001112010,il y a 20 jours,Ingénieure - Ingénieur Cybersécurité Grc - Stage H/F | Capgemini | Lille - 59 | Stage | Télétravail occasionnel | 6 mois | Voir l’offre | il y a 20 jours,https://www.hellowork.com/fr-fr/emplois/83526325.html,Cybersécurité,Stage,2026-09-18 16:55
Stage Logiciel Développement d'Un Outil d'Analyse de Paquets Linux H/FMBDA,Non précisé,https://f.hellowork.com/img/entreprises/199482.png,il y a 11 jours,Suivi de candidature | Stage Logiciel Développement d'Un Outil d'Analyse de Paquets Linux H/F | MBDA | Le Plessis-Robinson - 92 | Stage | 6 mois | Voir l’offre | il y a 11 jours,https://www.hellowork.com/fr-fr/emplois/83540246.html,Cybersécurité,Stage,2026-09-18 16:55
Alternance - Développeur Junior pour Site E-Commerce - BTS S.I.O H/FAURLOM,Non précisé,https://f.hellowork.com/img/entreprises/206200.png,il y a 4 jours,Alternance - Développeur Junior pour Site E-Commerce - BTS S.I.O H/F | AURLOM | Paris - 75 | Alternance | 400 - 1 700 € / mois | 2 ans | Voir l’offre | il y a 4 jours,https://www.hellowork.com/fr-fr/emplois/83421980.html,Développement,Alternance,2026-09-18 12:41
Formation en Alternance - Concepteur Développeur d'Applications H/F2i Academy,Non précisé,https://f.hellowork.com/img/entreprises/206010.png,il y a 18 jours,Suivi de candidature | Formation en Alternance - Concepteur Développeur d'Applications H/F | 2i Academy | Lille - 59 | Alternance | 622 - 1 086 € / mois | 12 mois | Voir l’offre | il y a 18 jours,https://www.hellowork.com/fr-fr/emplois/80781046.html,Développement,Alternance,2026-09-18 12:41
Développeuse - Développeur Cloud - Stage H/FCapgemini,Non précisé,https://f.hellowork.com/img/entreprises/193881.png?v=20261001112010,il y a 20 jours,Développeuse - Développeur Cloud - Stage H/F | Capgemini | Cesson-Sévigné - 35 | Stage | 6 mois | Voir l’offre | il y a 20 jours,https://www.hellowork.com/fr-fr/emplois/83520944.html,Développement,Stage,2026-09-18 12:41
Développeuse - Développeur Cloud - Stage H/FCapgemini,Non précisé,https://f.hellowork.com/img/entreprises/193881.png?v=20261001112010,il y a 20 jours,Développeuse - Développeur Cloud - Stage H/F | Capgemini | Issy-les-Moulineaux - 92 | Stage | 6 mois | Voir l’offre | il y a 20 jours,https://www.hellowork.com/fr-fr/emplois/83520881.html,Développement,Stage,2026-09-18 12:41
Stage - Chargé de Data Management & Gouvernance de la Donnée H/FFramatome,Non précisé,https://f.hellowork.com/img/entreprises/196426.png,il y a 11 jours,Stage - Chargé de Data Management & Gouvernance de la Donnée H/F | Framatome | La Défense - 92 | Stage | Voir l’offre | il y a 11 jours,https://www.hellowork.com/fr-fr/emplois/83518031.html,Data,Stage,2026-09-18 12:41
Data Scientist - Stage H/FBureau Veritas,Non précisé,https://f.hellowork.com/img/entreprises/193678.png,il y a 1 jour,Suivi de candidature | Data Scientist - Stage H/F | Bureau Veritas | Courbevoie - 92 | Stage | Voir l’offre | il y a 1 jour,https://www.hellowork.com/fr-fr/emplois/83443455.html,Data,Stage,2026-09-18 12:41
Alternance - Chef de Projet IA - Bac+4 - 5 H/FEPSI Nantes,Non précisé,https://f.hellowork.com/img/entreprises/195748.png?v=20261001112011,il y a 20 jours,"Suivi de candidature | Alternance - Chef de Projet IA - Bac+4 - 5 H/F | EPSI Nantes | Montrevault-sur-Èvre - 49 | Alternance | 783,90 - 1 823,03 € / mois | Télétravail partiel | + 1 | Voir l’offre | il y a 20 jours",https://www.hellowork.com/fr-fr/emplois/83517071.html,IA,Alternance,2026-09-18 12:41
Stage Ingénieur·e Assistant·e AMOA - Projet Intelligence Artificielle H/FGroupe SII,Non précisé,https://f.hellowork.com/img/entreprises/197178.png?v=20261001112011,il y a 20 jours,Suivi de candidature | Stage Ingénieur·e Assistant·e AMOA - Projet Intelligence Artificielle H/F | Groupe SII | Super recruteur | La Défense - 92 | Stage | 8 400 - 9 000 € / an | Voir l’offre | il y a 20 jours,https://www.hellowork.com/fr-fr/emplois/83514468.html,IA,Stage,2026-09-18 12:41
Stage Ingénieur·e Assistant·e AMOA - Recette & Test - Projet Intelligence Artificielle H/FGroupe SII,Non précisé,https://f.hellowork.com/img/entreprises/197178.png?v=20261001112011,il y a 20 jours,Suivi de candidature | Stage Ingénieur·e Assistant·e AMOA - Recette & Test - Projet Intelligence Artificielle H/F | Groupe SII | Super recruteur | La Défense - 92 | Stage | 8 400 - 9 000 € / an | Voir l’offre | il y a 20 jours,https://www.hellowork.com/fr-fr/emplois/83514266.html,IA,Stage,2026-09-18 12:41
Apprentissage - Apprenti Data Analyst Soutien Technique Moteur Rafale M88 H/FSafran,Non précisé,https://f.hellowork.com/img/entreprises/215443.png,il y a 4 jours,"Suivi de candidature | Apprentissage - Apprenti Data Analyst Soutien Technique Moteur Rafale M88 H/F | Safran | Bordeaux - 33 | Alternance | 492,22 - 1 823,03 € / mois | 2 ans | Voir l’offre | il y a 4 jours",https://www.hellowork.com/fr-fr/emplois/83516683.html,IA,Alternance,2026-09-18 12:41
Stage Cybersecurité H/FCEA,Non précisé,https://f.hellowork.com/img/entreprises/194020.png?v=20261001112011,il y a 20 jours,Stage Cybersecurité H/F | CEA | Grenoble - 38 | Stage | 5 mois | Voir l’offre | il y a 20 jours,https://www.hellowork.com/fr-fr/emplois/83520060.html,Cybersécurité,Stage,2026-09-18 12:41
Ingénieure - Ingénieur Cybersécurité Grc - Stage H/FCapgemini,Non précisé,https://f.hellowork.com/img/entreprises/193881.png,Non précisée,Ingénieure - Ingénieur Cybersécurité Grc - Stage H/F | Capgemini | Lille - 59 | Stage | Télétravail occasionnel | 6 mois | Voir l’offre | moins d'une heure,https://www.hellowork.com/fr-fr/emplois/83520838.html,Cybersécurité,Stage,2026-09-18 12:41
Ingénieure - Ingénieur Cybersécurité Grc - Stage H/FCapgemini,Non précisé,https://f.hellowork.com/img/entreprises/193881.png?v=20261001112010,il y a 20 jours,Ingénieure - Ingénieur Cybersécurité Grc - Stage H/F | Capgemini | Nantes - 44 | Stage | 6 mois | Voir l’offre | il y a 20 jours,https://www.hellowork.com/fr-fr/emplois/83520862.html,Cybersécurité,Stage,2026-09-18 12:41
Développeur - Alternance H/FEEMI Lyon,Non précisé,https://f.hellowork.com/img/entreprises/212533.png,il y a 6 jours,Développeur - Alternance H/F | EEMI Lyon | Lyon - 69 | Alternance | 800 - 1 800 € / mois | 12 mois | Voir l’offre | il y a 6 jours,https://www.hellowork.com/fr-fr/emplois/83329190.html,Développement,Alternance,2026-09-18 09:41
Apprenti·e Développeur H/FH3 Campus,Non précisé,https://f.hellowork.com/img/entreprises/209027.png?v=20260604132627,il y a 27 jours,Suivi de candidature | Apprenti·e Développeur H/F | H3 Campus | Paris - 75 | Alternance | 900 - 1 300 € / mois | 2 ans | Voir l’offre | il y a 27 jours,https://www.hellowork.com/fr-fr/emplois/76655019.html,Développement,Alternance,2026-09-18 09:41
Développeur Informatique en Alternance H/FMEWO campus des métiers,Non précisé,https://f.hellowork.com/img/entreprises/199632.png,il y a 13 jours,"Suivi de candidature | Développeur Informatique en Alternance H/F | MEWO campus des métiers | Thionville - 57 | Alternance | 783,90 - 1 823,03 € / mois | Télétravail occasionnel | + 1 | Voir l’offre | il y a 13 jours",https://www.hellowork.com/fr-fr/emplois/83292364.html,Développement,Alternance,2026-09-18 09:41
Alternant·e Développeur·se H/FEPSI Grenoble,Non précisé,https://f.hellowork.com/img/entreprises/195742.png,il y a 17 jours,Suivi de candidature | Alternant·e Développeur·se H/F | EPSI Grenoble | Meylan - 38 | Alternance | 1 an | Voir l’offre | il y a 17 jours,https://www.hellowork.com/fr-fr/emplois/83004614.html,Développement,Alternance,2026-09-18 09:41
Développeur - Alternance H/FSup de Vinci,Non précisé,https://f.hellowork.com/img/entreprises/204915.png?v=20261001112012,il y a 5 jours,Développeur - Alternance H/F | Sup de Vinci | Bordeaux - 33 | Alternance | 24 mois | Voir l’offre | il y a 5 jours,https://www.hellowork.com/fr-fr/emplois/77494356.html,Développement,Alternance,2026-09-18 09:41
Développeur en Alternance H/FXEFI,Non précisé,https://f.hellowork.com/img/entreprises/204058.png,il y a 23 jours,"Suivi de candidature | Développeur en Alternance H/F | XEFI | Super recruteur | Rillieux-la-Pape - 69 | Alternance | 492,22 - 1 823,03 € / mois | Voir l’offre | il y a 23 jours",https://www.hellowork.com/fr-fr/emplois/81908350.html,Développement,Alternance,2026-09-18 09:41
Développeuse - Développeur Fullstack Java et Angular - Alternance H/FCapgemini,Non précisé,https://f.hellowork.com/img/entreprises/193881.png?v=20261001112010,il y a 22 jours,"Développeuse - Développeur Fullstack Java et Angular - Alternance H/F | Capgemini | Cherbourg-en-Cotentin - 50 | Alternance | 492,22 - 1 823,03 € / mois | 24 mois | Voir l’offre | il y a 22 jours",https://www.hellowork.com/fr-fr/emplois/83429689.html,Développement,Alternance,2026-09-18 09:41
Alternance Concepteur Développeur Bordeaux H/FSup de Vinci,Non précisé,https://f.hellowork.com/img/entreprises/204915.png?v=20261001112012,il y a 20 jours,Alternance Concepteur Développeur Bordeaux H/F | Sup de Vinci | Bordeaux - 33 | Alternance | 2 ans | Voir l’offre | il y a 20 jours,https://www.hellowork.com/fr-fr/emplois/82426825.html,Développement,Alternance,2026-09-18 09:41
Développeuse - Développeur C++ - Environnement Industriel - Alternance H/FCapgemini,Non précisé,https://f.hellowork.com/img/entreprises/193881.png?v=20261001112010,il y a 22 jours,"Développeuse - Développeur C++ - Environnement Industriel - Alternance H/F | Capgemini | Toulouse - 31 | Alternance | 492,22 - 1 823,03 € / mois | 24 mois | Voir l’offre | il y a 22 jours",https://www.hellowork.com/fr-fr/emplois/83429690.html,Développement,Alternance,2026-09-18 09:41
Formation en Alternance - Développeur Informatique H/F2i Academy,Non précisé,https://f.hellowork.com/img/entreprises/206010.png,il y a 10 jours,Suivi de candidature | Formation en Alternance - Développeur Informatique H/F | 2i Academy | Chasseneuil-du-Poitou - 86 | Alternance | 682 - 1 806 € / mois | 12 mois | Voir l’offre | il y a 10 jours,https://www.hellowork.com/fr-fr/emplois/81317811.html,Développement,Alternance,2026-09-18 09:41
Développeur - Intégrateur Web en Alternance H/FH3 Campus,Non précisé,https://f.hellowork.com/img/entreprises/209027.png,il y a 21 jours,Suivi de candidature | Développeur - Intégrateur Web en Alternance H/F | H3 Campus | Poissy - 78 | Alternance | 750 - 1 500 € / mois | 2 ans | Voir l’offre | il y a 21 jours,https://www.hellowork.com/fr-fr/emplois/76654940.html,Développement,Alternance,2026-09-18 09:41
Alternance Développeur - Développeuse IA Agents & Applications - Saint-Priest H/FISCOD,Non précisé,https://f.hellowork.com/img/entreprises/198022.png?v=20260604132627,il y a 23 jours,"Alternance Développeur - Développeuse IA Agents & Applications - Saint-Priest H/F | ISCOD | Saint-Priest - 69 | Alternance | 492,22 - 1 823,03 € / mois | Voir l’offre | il y a 23 jours",https://www.hellowork.com/fr-fr/emplois/83402138.html,IA,Alternance,2026-09-18 09:41
Développeur Salesforce - Alternance H/F,Non précisé,,il y a 4 jours,Suivi de candidature | Développeur Salesforce - Alternance H/F | Cette entreprise souhaite rester anonyme | Lyon - 69 | Alternance | 2 ans | Voir l’offre | il y a 4 jours,https://www.hellowork.com/fr-fr/emplois/82994300.html,Développement,Alternance,2026-09-18 09:41
Sales Developer en Alternance H/FCapgemini,Non précisé,https://f.hellowork.com/img/entreprises/193881.png,il y a 20 jours,"Sales Developer en Alternance H/F | Capgemini | Rennes - 35 | Alternance | 492,22 - 1 823,03 € / mois | Télétravail occasionnel | + 1 | Voir l’offre | il y a 20 jours",https://www.hellowork.com/fr-fr/emplois/83281661.html,Développement,Alternance,2026-09-18 09:41
Alternance - Développeur Marketing Digital H/FDigital School of Paris,Non précisé,https://f.hellowork.com/img/entreprises/206449.png?v=20260604132627,il y a 19 heures,"Suivi de candidature | Alternance - Développeur Marketing Digital H/F | Digital School of Paris | Paris - 75 | Alternance | 1 801,80 € / mois | 24 mois | Voir l’offre | il y a 19 heures",https://www.hellowork.com/fr-fr/emplois/81041972.html,Développement,Alternance,2026-09-18 09:41
Alternance - Développeur Back-End - BTS S.I.O H/FAURLOM,Non précisé,https://f.hellowork.com/img/entreprises/206200.png,il y a 16 jours,Alternance - Développeur Back-End - BTS S.I.O H/F | AURLOM | Paris - 75 | Alternance | 400 - 1 400 € / mois | 2 ans | Voir l’offre | il y a 16 jours,https://www.hellowork.com/fr-fr/emplois/83422056.html,Développement,Alternance,2026-09-18 09:41
Alternance - Développeur No-Code H/FStudi CFA,Non précisé,https://f.hellowork.com/img/entreprises/202763.png?v=20261001112012,il y a 19 heures,"Suivi de candidature | Alternance - Développeur No-Code H/F | Studi CFA | Paris 2e - 75 | Alternance | 492,22 - 1 823,03 € / mois | Voir l’offre | il y a 19 heures",https://www.hellowork.com/fr-fr/emplois/76401169.html,Développement,Alternance,2026-09-18 09:41
Développeur Informatique Alternant Lyon H/FFiducial,Non précisé,https://f.hellowork.com/img/entreprises/196245.png,il y a 15 jours,"Suivi de candidature | Développeur Informatique Alternant Lyon H/F | Fiducial | Lyon - 69 | Alternance | 492,22 - 1 823,03 € / mois | Voir l’offre | il y a 15 jours",https://www.hellowork.com/fr-fr/emplois/82963903.html,Développement,Alternance,2026-09-18 09:41
Alternance Développeur Informatique - Ramonville-Saint-Agne H/FISCOD,Non précisé,https://f.hellowork.com/img/entreprises/198022.png,il y a 7 jours,"Alternance Développeur Informatique - Ramonville-Saint-Agne H/F | ISCOD | Ramonville-Saint-Agne - 31 | Alternance | 492,22 - 1 823,03 € / mois | Voir l’offre | il y a 7 jours",https://www.hellowork.com/fr-fr/emplois/83412653.html,Développement,Alternance,2026-09-18 09:41
Consultant Technique - Développeur- Alternance H/F,Non précisé,,il y a 6 jours,Suivi de candidature | Consultant Technique - Développeur- Alternance H/F | Cette entreprise souhaite rester anonyme | Lille - 59 | Alternance | Voir l’offre | il y a 6 jours,https://www.hellowork.com/fr-fr/emplois/82893347.html,Développement,Alternance,2026-09-18 09:41
Alternance - Développeur Back-End Junior - BTS S.I.O H/FAURLOM,Non précisé,https://f.hellowork.com/img/entreprises/206200.png,il y a 14 jours,Alternance - Développeur Back-End Junior - BTS S.I.O H/F | AURLOM | Paris - 75 | Alternance | 400 - 1 700 € / mois | 2 ans | Voir l’offre | il y a 14 jours,https://www.hellowork.com/fr-fr/emplois/83422271.html,Développement,Alternance,2026-09-18 09:41
Alternance Concepteur Développeur Web Full Stack H/FORT Lyon,Non précisé,https://f.hellowork.com/img/entreprises/200456.png,il y a 16 jours,Suivi de candidature | Alternance Concepteur Développeur Web Full Stack H/F | ORT Lyon | Lyon 8e - 69 | Alternance | 1 an | Voir l’offre | il y a 16 jours,https://www.hellowork.com/fr-fr/emplois/83272085.html,Développement,Alternance,2026-09-18 09:41
Alternance Développeur IA - Bordeaux H/FEPSI Bordeaux,Non précisé,https://f.hellowork.com/img/entreprises/195741.png,il y a 2 jours,Suivi de candidature | Alternance Développeur IA - Bordeaux H/F | EPSI Bordeaux | Bordeaux - 33 | Alternance | Télétravail occasionnel | 1 an | Voir l’offre | il y a 2 jours,https://www.hellowork.com/fr-fr/emplois/83026890.html,Développement,Alternance,2026-09-18 09:41
Alternance - Développeur Informatique H/FE2SE Digital IT,Non précisé,https://f.hellowork.com/img/entreprises/204370.png?v=20260604132627,il y a 12 jours,"Suivi de candidature | Alternance - Développeur Informatique H/F | E2SE Digital IT | Rouen - 76 | Alternance | 22 404,20 € / an | 24 mois | Voir l’offre | il y a 12 jours",https://www.hellowork.com/fr-fr/emplois/82689650.html,Développement,Alternance,2026-09-18 09:41
Formation en Alternance - Développeur Informatique H/F2i Academy,Non précisé,https://f.hellowork.com/img/entreprises/206010.png,il y a 22 jours,Suivi de candidature | Formation en Alternance - Développeur Informatique H/F | 2i Academy | Aix-en-Provence - 13 | Alternance | 622 - 1 086 € / mois | 12 mois | Voir l’offre | il y a 22 jours,https://www.hellowork.com/fr-fr/emplois/80781534.html,Développement,Alternance,2026-09-18 09:41
Alternance - Développeur E-Commerce - BTS S.I.O H/FAURLOM,Non précisé,https://f.hellowork.com/img/entreprises/206200.png,il y a 7 jours,Alternance - Développeur E-Commerce - BTS S.I.O H/F | AURLOM | Paris - 75 | Alternance | 400 - 1 400 € / mois | 2 ans | Voir l’offre | il y a 7 jours,https://www.hellowork.com/fr-fr/emplois/83422112.html,Développement,Alternance,2026-09-18 09:41
Alternant Développeur H/FECILIA,Non précisé,,il y a 1 jour,"Alternant Développeur H/F | ECILIA | Lyon - 69 | Alternance | 492,22 - 1 823,03 € / mois | Voir l’offre | il y a 1 jour",https://www.hellowork.com/fr-fr/emplois/80314097.html,Développement,Alternance,2026-09-18 09:41
Alternance - Assistant Développeur en Start-Up - BTS S.I.O H/FAURLOM,Non précisé,https://f.hellowork.com/img/entreprises/206200.png,il y a 11 jours,Alternance - Assistant Développeur en Start-Up - BTS S.I.O H/F | AURLOM | Paris - 75 | Alternance | 400 - 1 400 € / mois | 2 ans | Voir l’offre | il y a 11 jours,https://www.hellowork.com/fr-fr/emplois/83421973.html,Développement,Alternance,2026-09-18 09:41
Alternance Développeur IA - Python H/FINTED GROUP (IEG),Non précisé,https://f.hellowork.com/img/entreprises/197901.png,il y a 1 jour,Suivi de candidature | Alternance Développeur IA - Python H/F | INTED GROUP (IEG) | Paris - 75 | Alternance | 1 an | Voir l’offre | il y a 1 jour,https://www.hellowork.com/fr-fr/emplois/81928437.html,Développement,Alternance,2026-09-18 09:41
Formation en Alternance - Deviens Développeur Informatique H/F2i Academy,Non précisé,https://f.hellowork.com/img/entreprises/206010.png,il y a 19 jours,Suivi de candidature | Formation en Alternance - Deviens Développeur Informatique H/F | 2i Academy | Orléans - 45 | Alternance | 682 - 1 806 € / mois | 12 mois | Voir l’offre | il y a 19 jours,https://www.hellowork.com/fr-fr/emplois/80781101.html,Développement,Alternance,2026-09-18 09:41
Développeuse - Développeur CRM - Stage H/FCapgemini,Non précisé,https://f.hellowork.com/img/entreprises/193881.png?v=20261001112010,il y a 24 jours,Développeuse - Développeur CRM - Stage H/F | Capgemini | Rennes - 35 | Stage | 6 mois | Voir l’offre | il y a 24 jours,https://www.hellowork.com/fr-fr/emplois/83327604.html,Développement,Stage,2026-09-18 09:41
Développeuse - Développeur CRM - Stage H/FCapgemini,Non précisé,https://f.hellowork.com/img/entreprises/193881.png?v=20261001112010,il y a 24 jours,Développeuse - Développeur CRM - Stage H/F | Capgemini | Lille - 59 | Stage | 6 mois | Voir l’offre | il y a 24 jours,https://www.hellowork.com/fr-fr/emplois/83327603.html,Développement,Stage,2026-09-18 09:41
Développeuse - Développeur Backend - Stage H/FCapgemini,Non précisé,https://f.hellowork.com/img/entreprises/193881.png?v=20261001112010,il y a 24 jours,Développeuse - Développeur Backend - Stage H/F | Capgemini | Lille - 59 | Stage | 6 mois | Voir l’offre | il y a 24 jours,https://www.hellowork.com/fr-fr/emplois/83327602.html,Développement,Stage,2026-09-18 09:41
Développeuse - Développeur Backend - Stage H/FCapgemini,Non précisé,https://f.hellowork.com/img/entreprises/193881.png?v=20261001112010,il y a 24 jours,Développeuse - Développeur Backend - Stage H/F | Capgemini | Bordeaux - 33 | Stage | 6 mois | Voir l’offre | il y a 24 jours,https://www.hellowork.com/fr-fr/emplois/83327644.html,Développement,Stage,2026-09-18 09:41
Développeuse - Développeur CRM - Stage H/FCapgemini,Non précisé,https://f.hellowork.com/img/entreprises/193881.png?v=20261001112010,il y a 24 jours,Développeuse - Développeur CRM - Stage H/F | Capgemini | Issy-les-Moulineaux - 92 | Stage | 6 mois | Voir l’offre | il y a 24 jours,https://www.hellowork.com/fr-fr/emplois/83327635.html,Développement,Stage,2026-09-18 09:41
Développeuse - Développeur Cloud - Stage H/FCapgemini,Non précisé,https://f.hellowork.com/img/entreprises/193881.png,il y a 17 jours,Développeuse - Développeur Cloud - Stage H/F | Capgemini | Paris - 75 | Stage | 6 mois | Voir l’offre | il y a 17 jours,https://www.hellowork.com/fr-fr/emplois/83243773.html,Développement,Stage,2026-09-18 09:41
Développeuse - Développeur Mobile - Stage H/FCapgemini,Non précisé,https://f.hellowork.com/img/entreprises/193881.png,il y a 21 jours,Développeuse - Développeur Mobile - Stage H/F | Capgemini | Lille - 59 | Stage | 6 mois | Voir l’offre | il y a 21 jours,https://www.hellowork.com/fr-fr/emplois/83327647.html,Développement,Stage,2026-09-18 09:41
Développeuse - Développeur Mobile - Stage H/FCapgemini,Non précisé,https://f.hellowork.com/img/entreprises/193881.png,il y a 21 jours,Développeuse - Développeur Mobile - Stage H/F | Capgemini | Issy-les-Moulineaux - 92 | Stage | 6 mois | Voir l’offre | il y a 21 jours,https://www.hellowork.com/fr-fr/emplois/83327654.html,Développement,Stage,2026-09-18 09:41
Développeuse - Développeur Fullstack - Stage H/FCapgemini,Non précisé,https://f.hellowork.com/img/entreprises/193881.png,il y a 21 jours,Développeuse - Développeur Fullstack - Stage H/F | Capgemini | Bordeaux - 33 | Stage | 6 mois | Voir l’offre | il y a 21 jours,https://www.hellowork.com/fr-fr/emplois/83327658.html,Développement,Stage,2026-09-18 09:41
Développeuse - Développeur Fullstack - Stage H/FCapgemini,Non précisé,https://f.hellowork.com/img/entreprises/193881.png,il y a 21 jours,Développeuse - Développeur Fullstack - Stage H/F | Capgemini | Lille - 59 | Stage | 6 mois | Voir l’offre | il y a 21 jours,https://www.hellowork.com/fr-fr/emplois/83327630.html,Développement,Stage,2026-09-18 09:41
Développeuse - Développeur Full Stack - Stage H/FCapgemini,Non précisé,https://f.hellowork.com/img/entreprises/193881.png,il y a 19 jours,Développeuse - Développeur Full Stack - Stage H/F | Capgemini | Rennes - 35 | Stage | 1 200 € / mois | Télétravail occasionnel | + 1 | Voir l’offre | il y a 19 jours,https://www.hellowork.com/fr-fr/emplois/83340255.html,Développement,Stage,2026-09-18 09:41
Développeuse - Développeur Intégration Api - Stage H/FCapgemini,Non précisé,https://f.hellowork.com/img/entreprises/193881.png,il y a 21 jours,Développeuse - Développeur Intégration Api - Stage H/F | Capgemini | Paris - 75 | Stage | 6 mois | Voir l’offre | il y a 21 jours,https://www.hellowork.com/fr-fr/emplois/83251149.html,Développement,Stage,2026-09-18 09:41
Développeuse - Développeur Full Stack - Stage H/FCapgemini,Non précisé,https://f.hellowork.com/img/entreprises/193881.png,il y a 19 jours,Développeuse - Développeur Full Stack - Stage H/F | Capgemini | Lille - 59 | Stage | 6 mois | Voir l’offre | il y a 19 jours,https://www.hellowork.com/fr-fr/emplois/83292734.html,Développement,Stage,2026-09-18 09:41
Assistant Développeur - Stagiaire H/FIFFP CFA,Non précisé,https://f.hellowork.com/img/entreprises/197697.png,il y a 16 jours,Suivi de candidature | Assistant Développeur - Stagiaire H/F | IFFP CFA | Nanterre - 92 | Stage | 2 mois | Voir l’offre | il y a 16 jours,https://www.hellowork.com/fr-fr/emplois/82361289.html,Développement,Stage,2026-09-18 09:41
Développeuse - Développeur Logiciel Plm - Stage H/FCapgemini,Non précisé,https://f.hellowork.com/img/entreprises/193881.png,il y a 17 jours,Développeuse - Développeur Logiciel Plm - Stage H/F | Capgemini | Issy-les-Moulineaux - 92 | Stage | 6 mois | Voir l’offre | il y a 17 jours,https://www.hellowork.com/fr-fr/emplois/83060925.html,Développement,Stage,2026-09-18 09:41
Développeuse - Développeur Logiciel Plm - Stage H/FCapgemini,Non précisé,https://f.hellowork.com/img/entreprises/193881.png,il y a 17 jours,Développeuse - Développeur Logiciel Plm - Stage H/F | Capgemini | Toulouse - 31 | Stage | 6 mois | Voir l’offre | il y a 17 jours,https://www.hellowork.com/fr-fr/emplois/83053384.html,Développement,Stage,2026-09-18 09:41
Développeur DevOps Géomatique - Stage H/FAssystem,Non précisé,https://f.hellowork.com/img/entreprises/204151.png,il y a 12 jours,Suivi de candidature | Développeur DevOps Géomatique - Stage H/F | Assystem | Super recruteur | Le Petit-Quevilly - 76 | Stage | 1 200 € / mois | Voir l’offre | il y a 12 jours,https://www.hellowork.com/fr-fr/emplois/82307035.html,Développement,Stage,2026-09-18 09:41
Stage Pfe - Développeur Mainframe COBOL H/FAlteca,Non précisé,https://f.hellowork.com/img/entreprises/192442.png,il y a 11 jours,Stage Pfe - Développeur Mainframe COBOL H/F | Alteca | Lyon - 69 | Stage | Voir l’offre | il y a 11 jours,https://www.hellowork.com/fr-fr/emplois/83487826.html,Développement,Stage,2026-09-18 09:41
Stage - 3 à - Développeur Automatisation Kpi H/FBPCE Infogérance & Technologies,Non précisé,https://f.hellowork.com/img/entreprises/206261.png,il y a 10 jours,Stage - 3 à - Développeur Automatisation Kpi H/F | BPCE Infogérance & Technologies | Charenton-le-Pont - 94 | Stage | Voir l’offre | il y a 10 jours,https://www.hellowork.com/fr-fr/emplois/83402938.html,Développement,Stage,2026-09-18 09:41
Stage - Développeur Assistant IA H/FExpleo,Non précisé,https://f.hellowork.com/img/entreprises/196056.png,il y a 13 jours,Stage - Développeur Assistant IA H/F | Expleo | Montigny-le-Bretonneux - 78 | Stage | Télétravail partiel | Voir l’offre | il y a 13 jours,https://www.hellowork.com/fr-fr/emplois/83152413.html,Développement,Stage,2026-09-18 09:41
Développeur Cybersécurité dans les Applications Web H/FViveris.,Non précisé,https://f.hellowork.com/img/entreprises/203803.png?v=20261001112012,il y a 19 heures,Suivi de candidature | Développeur Cybersécurité dans les Applications Web H/F | Viveris. | Lyon - 69 | Stage | Voir l’offre | il y a 19 heures,https://www.hellowork.com/fr-fr/emplois/81062092.html,Cybersécurité,Stage,2026-09-18 09:41
Stage de Fin d'Études - Développeur Back-End H/FTEAM Y,Non précisé,https://f.hellowork.com/img/entreprises/203032.png,il y a 11 jours,"Suivi de candidature | Stage de Fin d'Études - Développeur Back-End H/F | TEAM Y | Super recruteur | Les Sables-d'Olonne - 85 | Stage | 1 867,02 € / mois | 6 mois | Voir l’offre | il y a 11 jours",https://www.hellowork.com/fr-fr/emplois/82222005.html,Développement,Stage,2026-09-18 09:41
Stage Bussines Developer - Sdr H/FAK Recrutement,Non précisé,https://f.hellowork.com/img/entreprises/192282.png,il y a 14 jours,Stage Bussines Developer - Sdr H/F | AK Recrutement | Lyon 3e - 69 | Stage | 2 mois | Voir l’offre | il y a 14 jours,https://www.hellowork.com/fr-fr/emplois/83105010.html,Développement,Stage,2026-09-18 09:41
Stage - Developpeur Informatique H/FIngérop,Non précisé,https://f.hellowork.com/img/entreprises/197842.png?v=20261001112012,il y a 10 jours,Suivi de candidature | Stage - Developpeur Informatique H/F | Ingérop | Rueil-Malmaison - 92 | Stage | Voir l’offre | il y a 10 jours,https://www.hellowork.com/fr-fr/emplois/59660818.html,Développement,Stage,2026-09-18 09:41
Stage - 3 à - Développeur Automatisation et Solutions d'Impression H/FBPCE Infogérance & Technologies,Non précisé,https://f.hellowork.com/img/entreprises/206261.png,il y a 6 jours,Stage - 3 à - Développeur Automatisation et Solutions d'Impression H/F | BPCE Infogérance & Technologies | Paris - 75 | Stage | Voir l’offre | il y a 6 jours,https://www.hellowork.com/fr-fr/emplois/83403058.html,Développement,Stage,2026-09-18 09:41
Stage - Développeur Data & Java - Aeroline - Toulouse H/FSopra Steria,Non précisé,https://f.hellowork.com/img/entreprises/202495.png,il y a 10 jours,Suivi de candidature | Stage - Développeur Data & Java - Aeroline - Toulouse H/F | Sopra Steria | Colomiers - 31 | Stage | Voir l’offre | il y a 10 jours,https://www.hellowork.com/fr-fr/emplois/83443168.html,Data,Stage,2026-09-18 09:41
Développeur - Haute Disponibilité des Forges Logicielles Stage H/FViveris.,Non précisé,https://f.hellowork.com/img/entreprises/203803.png,il y a 5 jours,Suivi de candidature | Développeur - Haute Disponibilité des Forges Logicielles Stage H/F | Viveris. | Toulouse - 31 | Stage | Voir l’offre | il y a 5 jours,https://www.hellowork.com/fr-fr/emplois/82379202.html,Développement,Stage,2026-09-18 09:41
Développeur DevOps Amélioration de l'Usine Logicielle H/FViveris.,Non précisé,https://f.hellowork.com/img/entreprises/203803.png,il y a 6 jours,Suivi de candidature | Développeur DevOps Amélioration de l'Usine Logicielle H/F | Viveris. | Lyon - 69 | Stage | Voir l’offre | il y a 6 jours,https://www.hellowork.com/fr-fr/emplois/81221394.html,Développement,Stage,2026-09-18 09:41
Développeur Développement et Paramétrage d'Une Solution de Ged H/FViveris.,Non précisé,https://f.hellowork.com/img/entreprises/203803.png,il y a 13 jours,Suivi de candidature | Développeur Développement et Paramétrage d'Une Solution de Ged H/F | Viveris. | Lyon - 69 | Stage | Voir l’offre | il y a 13 jours,https://www.hellowork.com/fr-fr/emplois/81061444.html,Développement,Stage,2026-09-18 09:41
Développeur Linux - C++ Embarqué Stage H/FViveris.,Non précisé,https://f.hellowork.com/img/entreprises/203803.png,il y a 3 jours,Suivi de candidature | Développeur Linux - C++ Embarqué Stage H/F | Viveris. | Ramonville-Saint-Agne - 31 | Stage | Voir l’offre | il y a 3 jours,https://www.hellowork.com/fr-fr/emplois/82379207.html,Développement,Stage,2026-09-18 09:41
Apprenti Data H/FSafran,Non précisé,https://f.hellowork.com/img/entreprises/215443.png,il y a 17 jours,"Suivi de candidature | Apprenti Data H/F | Safran | Réau - 77 | Alternance | 492,22 - 1 823,03 € / mois | 1 an | Voir l’offre | il y a 17 jours",https://www.hellowork.com/fr-fr/emplois/83000526.html,Data,Alternance,2026-09-18 09:41
Alternance - Data Engineer IA & Data Science H/FOpteven,Non précisé,https://f.hellowork.com/img/entreprises/200388.png,il y a 10 jours,"Suivi de candidature | Alternance - Data Engineer IA & Data Science H/F | Opteven | Villeurbanne - 69 | Alternance | 492,22 - 1 823,03 € / mois | Télétravail occasionnel | + 1 | Voir l’offre | il y a 10 jours",https://www.hellowork.com/fr-fr/emplois/81109021.html,Data,Alternance,2026-09-18 09:41
Chargé de Projet Achat - Data Performance H/FPam Building,Non précisé,https://f.hellowork.com/img/entreprises/200557.png?v=20260604132627,il y a 20 jours,Suivi de candidature | Chargé de Projet Achat - Data Performance H/F | Pam Building | Bouxières-sous-Froidmont - 54 | Alternance | 1 an | Voir l’offre | il y a 20 jours,https://www.hellowork.com/fr-fr/emplois/79116755.html,Data,Alternance,2026-09-18 09:41
Alternance Assistant Chargé d'Étude Data-Processus H/FMyDigitalSchool Montpellier,Non précisé,https://f.hellowork.com/img/entreprises/207112.png,il y a 24 jours,"Suivi de candidature | Alternance Assistant Chargé d'Étude Data-Processus H/F | MyDigitalSchool Montpellier | Montpellier - 34 | Alternance | 1 823,03 € / mois | 2 ans | Voir l’offre | il y a 24 jours",https://www.hellowork.com/fr-fr/emplois/77814424.html,Data,Alternance,2026-09-18 09:41
Data Specialist Junior H/FVulcain Engineering Group,Non précisé,https://f.hellowork.com/img/entreprises/207551.png?v=20261007145904,il y a 9 jours,Data Specialist Junior H/F | Vulcain Engineering Group | Neuilly-sur-Seine - 92 | Alternance | Télétravail partiel | Voir l’offre | il y a 9 jours,https://www.hellowork.com/fr-fr/emplois/80733348.html,Data,Alternance,2026-09-18 09:41
Apprenti Technicien Data - Alternance H/FPharma & Beauty - Le Castellet | Evaliance,Non précisé,https://f.hellowork.com/img/entreprises/200688.png?v=20260604132627,il y a 5 jours,Suivi de candidature | Apprenti Technicien Data - Alternance H/F | Pharma & Beauty - Le Castellet | Evaliance | Signes - 83 | Alternance | 24 mois | Voir l’offre | il y a 5 jours,https://www.hellowork.com/fr-fr/emplois/82957719.html,Data,Alternance,2026-09-18 09:41
Manager de Projets Informatiques - Data et IA- Alternance H/FDigital School of Paris,Non précisé,https://f.hellowork.com/img/entreprises/206449.png,il y a 25 jours,Suivi de candidature | Manager de Projets Informatiques - Data et IA- Alternance H/F | Digital School of Paris | Levallois-Perret - 92 | Alternance | 24 mois | Voir l’offre | il y a 25 jours,https://www.hellowork.com/fr-fr/emplois/79903978.html,Data,Alternance,2026-09-18 09:41
Alternance Data Analytics & ai H/FSpie Operations,Non précisé,https://f.hellowork.com/img/entreprises/202625.png?v=20260618115527,il y a 9 jours,Suivi de candidature | Alternance Data Analytics & ai H/F | Spie Operations | Cergy - 95 | Alternance | Temps partiel | 24 mois | Voir l’offre | il y a 9 jours,https://www.hellowork.com/fr-fr/emplois/81848173.html,Data,Alternance,2026-09-18 09:41
Alternant Contrôle de Gestion Sociale & Data RH H/FENGIE,Non précisé,https://f.hellowork.com/img/entreprises/195606.png?v=20261001112011,il y a 5 jours,"Alternant Contrôle de Gestion Sociale & Data RH H/F | ENGIE | La Garenne-Colombes - 92 | Alternance | 492,22 - 1 823,03 € / mois | Voir l’offre | il y a 5 jours",https://www.hellowork.com/fr-fr/emplois/80856987.html,Data,Alternance,2026-09-18 09:41
Alternance Big Data - Secteur Conseil en Aéronautique H/Faivancity,Non précisé,https://f.hellowork.com/img/entreprises/206080.png?v=20261001112013,il y a 3 jours,"Suivi de candidature | Alternance Big Data - Secteur Conseil en Aéronautique H/F | aivancity | Villejuif - 94 | Alternance | 954,50 - 1 823,03 € / mois | 24 mois | Voir l’offre | il y a 3 jours",https://www.hellowork.com/fr-fr/emplois/83032321.html,Data,Alternance,2026-09-18 09:41
Data Contrôleur en Alternance H/FIHECF Vannes,Non précisé,,il y a 27 jours,"Suivi de candidature | Data Contrôleur en Alternance H/F | IHECF Vannes | Lorient - 56 | Alternance | 1 823,03 € / mois | 24 mois | Voir l’offre | il y a 27 jours",https://www.hellowork.com/fr-fr/emplois/77181257.html,Data,Alternance,2026-09-18 09:41
Alternance Développeur Applications Data et IA - Hochfelden H/FISCOD,Non précisé,https://f.hellowork.com/img/entreprises/198022.png,il y a 17 jours,"Alternance Développeur Applications Data et IA - Hochfelden H/F | ISCOD | Hochfelden - 67 | Alternance | 492,22 - 1 823,03 € / mois | Voir l’offre | il y a 17 jours",https://www.hellowork.com/fr-fr/emplois/83007920.html,Data,Alternance,2026-09-18 09:41
Alternance Chargé de Projets Digitaux & Data - Rognac H/FISCOD,Non précisé,https://f.hellowork.com/img/entreprises/198022.png?v=20260604132627,il y a 5 jours,"Alternance Chargé de Projets Digitaux & Data - Rognac H/F | ISCOD | Rognac - 13 | Alternance | 492,22 - 1 823,03 € / mois | Voir l’offre | il y a 5 jours",https://www.hellowork.com/fr-fr/emplois/82970650.html,Data,Alternance,2026-09-18 09:41
Data Manager H/FCBS Angers,Non précisé,https://f.hellowork.com/img/entreprises/205091.png,il y a 18 jours,Suivi de candidature | Data Manager H/F | CBS Angers | Angers - 49 | Alternance | 1 350 - 1 650 € / mois | Télétravail occasionnel | + 1 | Voir l’offre | il y a 18 jours,https://www.hellowork.com/fr-fr/emplois/83479822.html,Data,Alternance,2026-09-18 09:41
Data Manager H/FCBS Paris,Non précisé,https://f.hellowork.com/img/entreprises/205089.png,il y a 18 jours,Suivi de candidature | Data Manager H/F | CBS Paris | Paris 10e - 75 | Alternance | 1 350 - 1 650 € / mois | Télétravail occasionnel | + 1 | Voir l’offre | il y a 18 jours,https://www.hellowork.com/fr-fr/emplois/83479578.html,Data,Alternance,2026-09-18 09:41
Data Analyst - Data Engineer en Alternance H/FMyDigitalSchool Angers,Non précisé,https://f.hellowork.com/img/entreprises/207109.png,il y a 19 jours,"Data Analyst - Data Engineer en Alternance H/F | MyDigitalSchool Angers | Angers - 49 | Alternance | 492,22 - 1 823,03 € / mois | 24 mois | Voir l’offre | il y a 19 jours",https://www.hellowork.com/fr-fr/emplois/83398760.html,Data,Alternance,2026-09-18 09:41
Alternance Data Analyse · Bac+4 à Bac+5 · Lyon H/FNEXA Digital School,Non précisé,https://f.hellowork.com/img/entreprises/200053.png,il y a 20 jours,"Alternance Data Analyse · Bac+4 à Bac+5 · Lyon H/F | NEXA Digital School | Auvergne-Rhône-Alpes | Alternance | 21 876,40 € / an | 2 ans | Voir l’offre | il y a 20 jours",https://www.hellowork.com/fr-fr/emplois/79957440.html,Data,Alternance,2026-09-18 09:41
Assistant Data - Data Analyst en Alternance H/FMyDigitalSchool Angers,Non précisé,https://f.hellowork.com/img/entreprises/207109.png,il y a 18 jours,"Assistant Data - Data Analyst en Alternance H/F | MyDigitalSchool Angers | Angers - 49 | Alternance | 492,22 - 1 823,03 € / mois | 1 an | Voir l’offre | il y a 18 jours",https://www.hellowork.com/fr-fr/emplois/83398864.html,Data,Alternance,2026-09-18 09:41
Alternance Data & IA Chargé·e de la Gouvernance des Données - Paris H/FISCOD,Non précisé,https://f.hellowork.com/img/entreprises/198022.png?v=20260604132627,il y a 22 jours,"Alternance Data & IA Chargé·e de la Gouvernance des Données - Paris H/F | ISCOD | Paris - 75 | Alternance | 492,22 - 1 823,03 € / mois | Voir l’offre | il y a 22 jours",https://www.hellowork.com/fr-fr/emplois/83412695.html,Cybersécurité,Alternance,2026-09-18 09:41
Data Analyst H/FTageos,Non précisé,https://f.hellowork.com/img/entreprises/214885.png,il y a 11 jours,Suivi de candidature | Data Analyst H/F | Tageos | Super recruteur | Montpellier - 34 | Alternance | 12 mois | Voir l’offre | il y a 11 jours,https://www.hellowork.com/fr-fr/emplois/82252947.html,Data,Alternance,2026-09-18 09:41
Alternance - Data Architect - Mastere Big Data et IA H/FSup de Vinci,Non précisé,https://f.hellowork.com/img/entreprises/204915.png?v=20261001112012,il y a 12 jours,"Alternance - Data Architect - Mastere Big Data et IA H/F | Sup de Vinci | Puteaux - 92 | Alternance | 22 404,20 € / an | 24 mois | Voir l’offre | il y a 12 jours",https://www.hellowork.com/fr-fr/emplois/80613041.html,IA,Alternance,2026-09-18 09:41
Alternance Transformation Digitale Data et IA - Montreuil H/FISCOD,Non précisé,https://f.hellowork.com/img/entreprises/198022.png,il y a 19 jours,"Alternance Transformation Digitale Data et IA - Montreuil H/F | ISCOD | Montreuil - 93 | Alternance | 492,22 - 1 823,03 € / mois | Voir l’offre | il y a 19 jours",https://www.hellowork.com/fr-fr/emplois/83007911.html,Data,Alternance,2026-09-18 09:41
Alternant - Microelectronics & Data Centers Markets Development Assistant H/FVeolia Environnement,Non précisé,https://f.hellowork.com/img/entreprises/203631.png,il y a 14 jours,"Suivi de candidature | Alternant - Microelectronics & Data Centers Markets Development Assistant H/F | Veolia Environnement | Aubervilliers - 93 | Alternance | 492,22 - 1 823,03 € / mois | Voir l’offre | il y a 14 jours",https://www.hellowork.com/fr-fr/emplois/78870478.html,Data,Alternance,2026-09-18 09:41
Manager de Projets Informatiques - Data et IA- Alternance H/FDigital School of Paris,Non précisé,https://f.hellowork.com/img/entreprises/206449.png?v=20260604132627,il y a 9 jours,Suivi de candidature | Manager de Projets Informatiques - Data et IA- Alternance H/F | Digital School of Paris | Levallois-Perret - 92 | Alternance | 24 mois | Voir l’offre | il y a 9 jours,https://www.hellowork.com/fr-fr/emplois/79508716.html,Data,Alternance,2026-09-18 09:41
Apprenti·e - Ingénieur·e Data H/FSafran,Non précisé,https://f.hellowork.com/img/entreprises/215443.png,il y a 14 jours,"Suivi de candidature | Apprenti·e - Ingénieur·e Data H/F | Safran | Moissy-Cramayel - 77 | Alternance | 492,22 - 1 823,03 € / mois | 1 an | Voir l’offre | il y a 14 jours",https://www.hellowork.com/fr-fr/emplois/82305592.html,Data,Alternance,2026-09-18 09:41
Alternant Data Manager H/FRATP Cap Île-de-France,Non précisé,https://f.hellowork.com/img/entreprises/204325.png,il y a 14 jours,Suivi de candidature | Alternant Data Manager H/F | RATP Cap Île-de-France | Mantes-la-Jolie - 78 | Alternance | 24 mois | Voir l’offre | il y a 14 jours,https://www.hellowork.com/fr-fr/emplois/83394427.html,Data,Alternance,2026-09-18 09:41
Alternance - Assistant HR Data - Bac+5 Management des RH H/F,Non précisé,,il y a 11 jours,"Suivi de candidature | Alternance - Assistant HR Data - Bac+5 Management des RH H/F | Cette entreprise souhaite rester anonyme | Luxembourg | Alternance | 811,12 - 2 000 € / mois | 1 an | Voir l’offre | il y a 11 jours",https://www.hellowork.com/fr-fr/emplois/76750387.html,Data,Alternance,2026-09-18 09:41
Alternant Data Engineer H/FNEXA Digital School,Non précisé,https://f.hellowork.com/img/entreprises/200053.png,il y a 11 jours,Alternant Data Engineer H/F | NEXA Digital School | Bordeaux - 33 | Alternance | Télétravail occasionnel | 12 mois | Voir l’offre | il y a 11 jours,https://www.hellowork.com/fr-fr/emplois/81396431.html,Data,Alternance,2026-09-18 09:41
Analyste Développeur Data et IA en Alternance 42 H/FGroupe Casino,Non précisé,https://f.hellowork.com/img/entreprises/196921.png,il y a 1 jour,"Analyste Développeur Data et IA en Alternance 42 H/F | Groupe Casino | Saint-Étienne - 42 | Alternance | 492,22 - 1 823,03 € / mois | 24 mois | Voir l’offre | il y a 1 jour",https://www.hellowork.com/fr-fr/emplois/79280278.html,Data,Alternance,2026-09-18 09:41
Alternance Data Analyse · Bac+4 à Bac+5 · Lyon H/FNEXA Digital School,Non précisé,https://f.hellowork.com/img/entreprises/200053.png,il y a 12 jours,Alternance Data Analyse · Bac+4 à Bac+5 · Lyon H/F | NEXA Digital School | Lyon - 69 | Alternance | 2 ans | Voir l’offre | il y a 12 jours,https://www.hellowork.com/fr-fr/emplois/79957682.html,Data,Alternance,2026-09-18 09:41
Internship Data Predictive Maintenance H/FENGIE,Non précisé,https://f.hellowork.com/img/entreprises/195606.png?v=20261001112011,il y a 16 jours,Internship Data Predictive Maintenance H/F | ENGIE | Belgique | Alternance | Voir l’offre | il y a 16 jours,https://www.hellowork.com/fr-fr/emplois/76886886.html,Data,Alternance,2026-09-18 09:41
Stagiaire Data Science H/FENGIE,Non précisé,https://f.hellowork.com/img/entreprises/195606.png?v=20261001112011,il y a 22 jours,Stagiaire Data Science H/F | ENGIE | La Garenne-Colombes - 92 | Stage | Voir l’offre | il y a 22 jours,https://www.hellowork.com/fr-fr/emplois/78020308.html,Data,Stage,2026-09-18 09:41
Stagiaire Data RH H/FNTN Europe,Non précisé,https://f.hellowork.com/img/entreprises/200196.png?v=20261001112012,il y a 3 jours,Suivi de candidature | Stagiaire Data RH H/F | NTN Europe | Super recruteur | Annecy - 74 | Stage | 650 € / mois | 4 mois | Voir l’offre | il y a 3 jours,https://www.hellowork.com/fr-fr/emplois/83046684.html,Data,Stage,2026-09-18 09:41
Stage - - Expert Sécurité Data H/FBPCE Infogérance & Technologies,Non précisé,https://f.hellowork.com/img/entreprises/206261.png,il y a 18 jours,Stage - - Expert Sécurité Data H/F | BPCE Infogérance & Technologies | Balma - 31 | Stage | Voir l’offre | il y a 18 jours,https://www.hellowork.com/fr-fr/emplois/83402875.html,Data,Stage,2026-09-18 09:41
Data - Business Analyst Pricing en Stage H/FCarrefour,Non précisé,https://f.hellowork.com/img/entreprises/193931.png,il y a 17 jours,Data - Business Analyst Pricing en Stage H/F | Carrefour | Massy - 91 | Stage | 700 € / mois | 6 mois | Voir l’offre | il y a 17 jours,https://www.hellowork.com/fr-fr/emplois/76846136.html,Data,Stage,2026-09-18 09:41
Stage - Data & Analytics Audit H/FKPMG,Non précisé,https://f.hellowork.com/img/entreprises/198457.png,il y a 20 jours,Stage - Data & Analytics Audit H/F | KPMG | Courbevoie - 92 | Stage | Voir l’offre | il y a 20 jours,https://www.hellowork.com/fr-fr/emplois/83194118.html,Data,Stage,2026-09-18 09:41
Chef de Projet Marketing Digital - CRM & Data H/FJobmania,Non précisé,https://f.hellowork.com/img/entreprises/198186.png,il y a 13 jours,Suivi de candidature | Chef de Projet Marketing Digital - CRM & Data H/F | Jobmania | Paris - 75 | Stage | 800 - 900 € / mois | 6 mois | Voir l’offre | il y a 13 jours,https://www.hellowork.com/fr-fr/emplois/83295409.html,Data,Stage,2026-09-18 09:41
Stagiaire Data & IA - Transformation Digitale H/Finmac wstore,Non précisé,https://f.hellowork.com/img/entreprises/215295.png,il y a 13 jours,Suivi de candidature | Stagiaire Data & IA - Transformation Digitale H/F | inmac wstore | Roissy-en-France - 95 | Stage | 6 mois | Voir l’offre | il y a 13 jours,https://www.hellowork.com/fr-fr/emplois/83306275.html,Data,Stage,2026-09-18 09:41
Stage - Data Analytics - Arcueil 94 - H/FAramisauto,Non précisé,https://f.hellowork.com/img/entreprises/192691.png,il y a 13 jours,Suivi de candidature | Stage - Data Analytics - Arcueil 94 - H/F | Aramisauto | Arcueil - 94 | Stage | Télétravail partiel | Voir l’offre | il y a 13 jours,https://www.hellowork.com/fr-fr/emplois/83477184.html,Data,Stage,2026-09-18 09:41
Proposal Content & Data Management Intern H/FIDEMIA Secure Transactions,Non précisé,https://f.hellowork.com/img/entreprises/197666.png,il y a 16 jours,Suivi de candidature | Proposal Content & Data Management Intern H/F | IDEMIA Secure Transactions | Courbevoie - 92 | Stage | 6 mois | Voir l’offre | il y a 16 jours,https://www.hellowork.com/fr-fr/emplois/81268329.html,Data,Stage,2026-09-18 09:41
Stage Data Marketing Expérience Client Frog H/FCapgemini,Non précisé,https://f.hellowork.com/img/entreprises/193881.png,il y a 13 jours,Stage Data Marketing Expérience Client Frog H/F | Capgemini | Issy-les-Moulineaux - 92 | Stage | Télétravail occasionnel | 6 mois | Voir l’offre | il y a 13 jours,https://www.hellowork.com/fr-fr/emplois/83507069.html,Data,Stage,2026-09-18 09:41
Stage Data en Gouvernance de Données H/FCoopérative U,Non précisé,https://f.hellowork.com/img/entreprises/194644.png?v=20261001112011,il y a 6 jours,Stage Data en Gouvernance de Données H/F | Coopérative U | Rungis - 94 | Stage | 4 mois | Voir l’offre | il y a 6 jours,https://www.hellowork.com/fr-fr/emplois/82919060.html,Data,Stage,2026-09-18 09:41
Alternant Proxy Product Owner & Data Quality - Master Data H/FGEODIS,Non précisé,https://f.hellowork.com/img/entreprises/196652.png?v=20261001112011,il y a 3 jours,Suivi de candidature | Alternant Proxy Product Owner & Data Quality - Master Data H/F | GEODIS | Levallois-Perret - 92 | Stage | 10 000 - 20 000 € / an | Voir l’offre | il y a 3 jours,https://www.hellowork.com/fr-fr/emplois/82031934.html,Data,Stage,2026-09-18 09:41
Consultante - Consultant Entreprise Data & Analytics H/FCapgemini,Non précisé,https://f.hellowork.com/img/entreprises/193881.png,il y a 20 jours,Consultante - Consultant Entreprise Data & Analytics H/F | Capgemini | Issy-les-Moulineaux - 92 | Stage | 6 mois | Voir l’offre | il y a 20 jours,https://www.hellowork.com/fr-fr/emplois/83038062.html,Data,Stage,2026-09-18 09:41
Stage - Ingénieur Amélioration Continue & Data Analytics en Fal H/FExpleo,Non précisé,https://f.hellowork.com/img/entreprises/196056.png,il y a 14 jours,Stage - Ingénieur Amélioration Continue & Data Analytics en Fal H/F | Expleo | Toulouse - 31 | Stage | Télétravail partiel | Voir l’offre | il y a 14 jours,https://www.hellowork.com/fr-fr/emplois/83262765.html,Data,Stage,2026-09-18 09:41
Stage Ingénieur IA - Data - Business Line Développement Régional - Lyon H/FSopra Steria,Non précisé,https://f.hellowork.com/img/entreprises/202495.png,il y a 4 jours,Suivi de candidature | Stage Ingénieur IA - Data - Business Line Développement Régional - Lyon H/F | Sopra Steria | Lyon 3e - 69 | Stage | Voir l’offre | il y a 4 jours,https://www.hellowork.com/fr-fr/emplois/83479770.html,Data,Stage,2026-09-18 09:41
Stage - Assistant Administrateur ERP & Concepteur Data - Éditique H/FExpliseat,Non précisé,https://f.hellowork.com/img/entreprises/196059.png,il y a 5 jours,Suivi de candidature | Stage - Assistant Administrateur ERP & Concepteur Data - Éditique H/F | Expliseat | Avrillé - 49 | Stage | Voir l’offre | il y a 5 jours,https://www.hellowork.com/fr-fr/emplois/82356690.html,Data,Stage,2026-09-18 09:41
Stage - Data Management Office H/FCrédit Agricole Assurances,Non précisé,https://f.hellowork.com/img/entreprises/194717.png?v=20261001112011,il y a 11 jours,Stage - Data Management Office H/F | Crédit Agricole Assurances | Paris - 75 | Stage | 700 - 1 500 € / mois | Télétravail partiel | Voir l’offre | il y a 11 jours,https://www.hellowork.com/fr-fr/emplois/80659521.html,Data,Stage,2026-09-18 09:41
Stagiaire École - Développeur Data Science et IA H/FCREDIT INDUSTRIEL ET COMMERCIAL,Non précisé,https://f.hellowork.com/img/entreprises/194736.png,il y a 18 jours,Stagiaire École - Développeur Data Science et IA H/F | CREDIT INDUSTRIEL ET COMMERCIAL | Paris 9e - 75 | Stage | 1 200 - 1 800 € / mois | Voir l’offre | il y a 18 jours,https://www.hellowork.com/fr-fr/emplois/83055954.html,Data,Stage,2026-09-18 09:41
Stagiaire Data et Analyse et Reporting H/FCarrefour,Non précisé,https://f.hellowork.com/img/entreprises/193931.png?v=20261001112011,il y a 12 jours,Stagiaire Data et Analyse et Reporting H/F | Carrefour | Massy - 91 | Stage | 6 mois | Voir l’offre | il y a 12 jours,https://www.hellowork.com/fr-fr/emplois/77164060.html,Data,Stage,2026-09-18 09:41
Data - Business Analyst Pricing en Stage H/FCarrefour,Non précisé,https://f.hellowork.com/img/entreprises/193931.png?v=20261001112011,il y a 11 jours,Data - Business Analyst Pricing en Stage H/F | Carrefour | Massy - 91 | Stage | 700 € / mois | 6 mois | Voir l’offre | il y a 11 jours,https://www.hellowork.com/fr-fr/emplois/80213703.html,Data,Stage,2026-09-18 09:41
Internship Data Quality & Control - Ports & Terminals Procurement H/FCMA CGM,Non précisé,https://f.hellowork.com/img/entreprises/194426.png,il y a 13 jours,Internship Data Quality & Control - Ports & Terminals Procurement H/F | CMA CGM | Marseille - 13 | Stage | Voir l’offre | il y a 13 jours,https://www.hellowork.com/fr-fr/emplois/83289897.html,Data,Stage,2026-09-18 09:41
Intern Data Reliability - Off-Manifest Rebates Department H/FCMA CGM,Non précisé,https://f.hellowork.com/img/entreprises/194426.png,il y a 13 jours,Intern Data Reliability - Off-Manifest Rebates Department H/F | CMA CGM | Marseille - 13 | Stage | Voir l’offre | il y a 13 jours,https://www.hellowork.com/fr-fr/emplois/83292713.html,Data,Stage,2026-09-18 09:41
Pfe 2027 Data - Power Bi - Cartographie Foncière 33 H/FVCSP ROUTE FRANCE - DELEGATION SUD OUEST,Non précisé,https://f.hellowork.com/img/entreprises/203583.png,il y a 9 jours,Suivi de candidature | Pfe 2027 Data - Power Bi - Cartographie Foncière 33 H/F | VCSP ROUTE FRANCE - DELEGATION SUD OUEST | Mérignac - 33 | Stage | 25 000 € / an | 6 mois | Voir l’offre | il y a 9 jours,https://www.hellowork.com/fr-fr/emplois/80192045.html,Data,Stage,2026-09-18 09:41
Stage - Data Visualization - Pmo IT H/FBNP Paribas,Non précisé,https://f.hellowork.com/img/entreprises/193475.png?v=20261001112010,il y a 12 jours,Stage - Data Visualization - Pmo IT H/F | BNP Paribas | Luxembourg | Stage | 6 mois | Voir l’offre | il y a 12 jours,https://www.hellowork.com/fr-fr/emplois/74867762.html,Data,Stage,2026-09-18 09:41
Stage - Projet Model Based Definition Constitution d'Un Technical Data Package Numérique H/FSafran,Non précisé,https://f.hellowork.com/img/entreprises/215443.png,il y a 11 jours,Suivi de candidature | Stage - Projet Model Based Definition Constitution d'Un Technical Data Package Numérique H/F | Safran | Bordes - 64 | Stage | 6 mois | Voir l’offre | il y a 11 jours,https://www.hellowork.com/fr-fr/emplois/83188721.html,Data,Stage,2026-09-18 09:41
Stage - Simulation des Couplages Emi Entre Harnais de Puissance - Harnais Data H/FSafran,Non précisé,https://f.hellowork.com/img/entreprises/215443.png,il y a 5 jours,Suivi de candidature | Stage - Simulation des Couplages Emi Entre Harnais de Puissance - Harnais Data H/F | Safran | Réau - 77 | Stage | 6 mois | Voir l’offre | il y a 5 jours,https://www.hellowork.com/fr-fr/emplois/81410147.html,Data,Stage,2026-09-18 09:41
Stage de Fin d'Études Consultant IA - Data H/FAudensiel Technologies,Non précisé,https://f.hellowork.com/img/entreprises/192979.png,il y a 10 jours,Suivi de candidature | Stage de Fin d'Études Consultant IA - Data H/F | Audensiel Technologies | Paris - 75 | Stage | 1 500 € / mois | 6 mois | Voir l’offre | il y a 10 jours,https://www.hellowork.com/fr-fr/emplois/82784292.html,Data,Stage,2026-09-18 09:41
Stage - Chargé de Conformité - Data & Sécurité Financière H/FBNP Paribas,Non précisé,https://f.hellowork.com/img/entreprises/193475.png?v=20261001112010,il y a 7 jours,Stage - Chargé de Conformité - Data & Sécurité Financière H/F | BNP Paribas | Paris - 75 | Stage | Télétravail partiel | Voir l’offre | il y a 7 jours,https://www.hellowork.com/fr-fr/emplois/73105417.html,Data,Stage,2026-09-18 09:41
Data Scientist - Data Ingenieur Stage H/FGRADIANT,Non précisé,https://f.hellowork.com/img/entreprises/206669.png,il y a 15 jours,Data Scientist - Data Ingenieur Stage H/F | GRADIANT | Île-de-France | Stage | Voir l’offre | il y a 15 jours,https://www.hellowork.com/fr-fr/emplois/82986864.html,Data,Stage,2026-09-18 09:41
Stage - Data Scientist H/FCrédit Agricole Assurances,Non précisé,https://f.hellowork.com/img/entreprises/194717.png,il y a 5 jours,Stage - Data Scientist H/F | Crédit Agricole Assurances | Paris - 75 | Stage | 700 - 1 900 € / mois | Télétravail partiel | Voir l’offre | il y a 5 jours,https://www.hellowork.com/fr-fr/emplois/82285348.html,Data,Stage,2026-09-18 09:41
Alternant Intelligence Artificielle H/FAHG Ateliers de la Haute Garonne,Non précisé,https://f.hellowork.com/img/entreprises/192235.png,il y a 16 jours,Suivi de candidature | Alternant Intelligence Artificielle H/F | AHG Ateliers de la Haute Garonne | Flourens - 31 | Alternance | 2 ans | Voir l’offre | il y a 16 jours,https://www.hellowork.com/fr-fr/emplois/83112765.html,IA,Alternance,2026-09-18 09:41
Alternance - Analyste Data & Intelligence Artificielle H/FNEXA Digital School,Non précisé,https://f.hellowork.com/img/entreprises/200053.png?v=20260915121034,il y a 20 jours,"Alternance - Analyste Data & Intelligence Artificielle H/F | NEXA Digital School | Paris - 75 | Alternance | 21 876,40 € / an | Télétravail partiel | + 1 | Voir l’offre | il y a 20 jours",https://www.hellowork.com/fr-fr/emplois/79106398.html,IA,Alternance,2026-09-18 09:41
Alternant Robotisation et Intelligence Artificielle H/FElior,Non précisé,https://f.hellowork.com/img/entreprises/206507.png?v=20261001112013,il y a 4 jours,Suivi de candidature | Alternant Robotisation et Intelligence Artificielle H/F | Elior | Créteil - 94 | Alternance | 12 mois | Voir l’offre | il y a 4 jours,https://www.hellowork.com/fr-fr/emplois/82988263.html,IA,Alternance,2026-09-18 09:41
Alternance Ingénieur Data et Intelligence Artificielle H/FLPG Systems,Non précisé,https://f.hellowork.com/img/entreprises/199168.png?v=20260604132627,il y a 10 jours,Suivi de candidature | Alternance Ingénieur Data et Intelligence Artificielle H/F | LPG Systems | Valence - 26 | Alternance | 966 - 1 823 € / mois | Télétravail occasionnel | + 1 | Voir l’offre | il y a 10 jours,https://www.hellowork.com/fr-fr/emplois/78438719.html,IA,Alternance,2026-09-18 09:41
Alternant Big Data & Intelligence Artificielle - Bac+4 - 5 - Septembre 2026 H/FSup de Vinci,Non précisé,https://f.hellowork.com/img/entreprises/204915.png,il y a 26 jours,"Alternant Big Data & Intelligence Artificielle - Bac+4 - 5 - Septembre 2026 H/F | Sup de Vinci | Saint-Herblain - 44 | Alternance | 710 - 1 823,03 € / mois | Télétravail occasionnel | + 1 | Voir l’offre | il y a 26 jours",https://www.hellowork.com/fr-fr/emplois/80622859.html,IA,Alternance,2026-09-18 09:41
Alternance Chef de Projet IA - Nanterre H/FISCOD,Non précisé,https://f.hellowork.com/img/entreprises/198022.png?v=20260604132627,il y a 22 jours,"Alternance Chef de Projet IA - Nanterre H/F | ISCOD | Nanterre - 92 | Alternance | 492,22 - 1 823,03 € / mois | Voir l’offre | il y a 22 jours",https://www.hellowork.com/fr-fr/emplois/83412616.html,IA,Alternance,2026-09-18 09:41
Spécialiste en Conception et Déploiement de Solutions IA - Alternance H/FREDSUP,Non précisé,https://f.hellowork.com/img/entreprises/201284.png?v=20261001112012,il y a 20 jours,Spécialiste en Conception et Déploiement de Solutions IA - Alternance H/F | REDSUP | Paris 1er - 75 | Alternance | 15 000 € / an | Voir l’offre | il y a 20 jours,https://www.hellowork.com/fr-fr/emplois/83493690.html,IA,Alternance,2026-09-18 09:41
Alternant IA - Lyon H/FNEXA Digital School,Non précisé,https://f.hellowork.com/img/entreprises/200053.png?v=20260915121034,il y a 21 jours,Alternant IA - Lyon H/F | NEXA Digital School | Auvergne-Rhône-Alpes | Alternance | 800 - 1 300 € / mois | Télétravail partiel | + 1 | Voir l’offre | il y a 21 jours,https://www.hellowork.com/fr-fr/emplois/81400571.html,IA,Alternance,2026-09-18 09:41
Alternant IA Générative & Automatisation Métiers H/FDocaposte,Non précisé,https://f.hellowork.com/img/entreprises/195184.png,il y a 23 jours,Suivi de candidature | Alternant IA Générative & Automatisation Métiers H/F | Docaposte | Paris 14e - 75 | Alternance | Voir l’offre | il y a 23 jours,https://www.hellowork.com/fr-fr/emplois/83314028.html,IA,Alternance,2026-09-18 09:41
Alternant Chef de Projet IA & Transformation Digitale H/FCEVA LOGISTICS,Non précisé,https://f.hellowork.com/img/entreprises/194143.png,il y a 28 jours,"Alternant Chef de Projet IA & Transformation Digitale H/F | CEVA LOGISTICS | Orléans - 45 | Alternance | 492,22 - 1 823,03 € / mois | Voir l’offre | il y a 28 jours",https://www.hellowork.com/fr-fr/emplois/83209760.html,IA,Alternance,2026-09-18 09:41
Spécialiste en Conception et Déploiement de Solutions IA - Alternance H/FREDSUP,Non précisé,https://f.hellowork.com/img/entreprises/201284.png?v=20261001112012,il y a 20 jours,Spécialiste en Conception et Déploiement de Solutions IA - Alternance H/F | REDSUP | Clichy - 92 | Alternance | 15 000 € / an | Voir l’offre | il y a 20 jours,https://www.hellowork.com/fr-fr/emplois/83493686.html,IA,Alternance,2026-09-18 09:41
Alternance - Chef.Fe de Projet IA & Transformation H/FIriig,Non précisé,https://f.hellowork.com/img/entreprises/198005.png,il y a 3 jours,"Suivi de candidature | Alternance - Chef.Fe de Projet IA & Transformation H/F | Iriig | Lyon - 69 | Alternance | 1 138,88 - 1 456,28 € / mois | 1 an | Voir l’offre | il y a 3 jours",https://www.hellowork.com/fr-fr/emplois/83381703.html,IA,Alternance,2026-09-18 09:41
Chef de Projet IA - Alternance H/FGroupe Eram,Non précisé,https://f.hellowork.com/img/entreprises/206692.png?v=20261001112013,il y a 19 heures,"Suivi de candidature | Chef de Projet IA - Alternance H/F | Groupe Eram | Montrevault-sur-Èvre - 49 | Alternance | 22 404,20 € / an | Télétravail occasionnel | + 1 | Voir l’offre | il y a 19 heures",https://www.hellowork.com/fr-fr/emplois/83118190.html,IA,Alternance,2026-09-18 09:41
Spécialiste en Conception et Déploiement de Solutions IA - Alternance H/FREDSUP,Non précisé,https://f.hellowork.com/img/entreprises/201284.png?v=20261001112012,il y a 23 jours,"Suivi de candidature | Spécialiste en Conception et Déploiement de Solutions IA - Alternance H/F | REDSUP | Clichy - 92 | Alternance | 12,31 € / heure | 2 ans | Voir l’offre | il y a 23 jours",https://www.hellowork.com/fr-fr/emplois/81315379.html,IA,Alternance,2026-09-18 09:41
Analyste IA H/FPARTNAIR&SEA,Non précisé,https://f.hellowork.com/img/entreprises/221085.png,il y a 9 jours,Suivi de candidature | Analyste IA H/F | PARTNAIR&SEA | Roissy-en-France - 95 | Alternance | Télétravail occasionnel | 1 an | Voir l’offre | il y a 9 jours,https://www.hellowork.com/fr-fr/emplois/83157347.html,IA,Alternance,2026-09-18 09:41
Chargé de Projet IA & Automatisation RH en Alternance H/FMyDigitalSchool Angers,Non précisé,https://f.hellowork.com/img/entreprises/207109.png?v=20260604132627,il y a 19 heures,"Chargé de Projet IA & Automatisation RH en Alternance H/F | MyDigitalSchool Angers | Angers - 49 | Alternance | 492,22 - 1 823,03 € / mois | 24 mois | Voir l’offre | il y a 19 heures",https://www.hellowork.com/fr-fr/emplois/82131231.html,IA,Alternance,2026-09-18 09:41
Chargé de Projet IA & Analyse de Données en Alternance H/FMyDigitalSchool Angers,Non précisé,https://f.hellowork.com/img/entreprises/207109.png?v=20260604132627,il y a 19 heures,"Chargé de Projet IA & Analyse de Données en Alternance H/F | MyDigitalSchool Angers | Angers - 49 | Alternance | 486,22 - 1 823,03 € / mois | 1 an | Voir l’offre | il y a 19 heures",https://www.hellowork.com/fr-fr/emplois/82132197.html,IA,Alternance,2026-09-18 09:41
Alternance - Assistant IA et Transformation Digitale H/FStudi CFA,Non précisé,https://f.hellowork.com/img/entreprises/202763.png?v=20261001112012,il y a 19 heures,"Suivi de candidature | Alternance - Assistant IA et Transformation Digitale H/F | Studi CFA | Saint-Ouen-sur-Seine - 93 | Alternance | 492,22 - 1 823,03 € / mois | Voir l’offre | il y a 19 heures",https://www.hellowork.com/fr-fr/emplois/79812074.html,IA,Alternance,2026-09-18 09:41
Chargé de Projets IA & Chatbot Alternance H/FME GROUP,Non précisé,https://f.hellowork.com/img/entreprises/199520.png,il y a 17 jours,"Suivi de candidature | Chargé de Projets IA & Chatbot Alternance H/F | ME GROUP | Échirolles - 38 | Alternance | 492,22 - 1 823,03 € / mois | Voir l’offre | il y a 17 jours",https://www.hellowork.com/fr-fr/emplois/80972573.html,IA,Alternance,2026-09-18 09:41
Alternance Chef de Projet IA & Processus - Informaticien Hardware H/FFrappa,Non précisé,https://f.hellowork.com/img/entreprises/196466.png,Non précisée,Suivi de candidature | Alternance Chef de Projet IA & Processus - Informaticien Hardware H/F | Frappa | Super recruteur | Davézieux - 07 | Alternance | 35 semaines | Voir l’offre | plus de 1 mois,https://www.hellowork.com/fr-fr/emplois/81906122.html,IA,Alternance,2026-09-18 09:41
Alternant IA - Paris H/FNEXA Digital School,Non précisé,https://f.hellowork.com/img/entreprises/200053.png?v=20260915121034,il y a 6 jours,Alternant IA - Paris H/F | NEXA Digital School | Île-de-France | Alternance | Télétravail partiel | 24 mois | Voir l’offre | il y a 6 jours,https://www.hellowork.com/fr-fr/emplois/82893428.html,IA,Alternance,2026-09-18 09:41
Chargé d'Études IA H/FSup de Vinci,Non précisé,https://f.hellowork.com/img/entreprises/204915.png?v=20261001112012,il y a 7 jours,Chargé d'Études IA H/F | Sup de Vinci | Nouvelle-Aquitaine | Alternance | 2 ans | Voir l’offre | il y a 7 jours,https://www.hellowork.com/fr-fr/emplois/78584119.html,IA,Alternance,2026-09-18 09:41
Chef de Projet IA en Alternance H/FHELPLINE,Non précisé,https://f.hellowork.com/img/entreprises/197359.png,il y a 25 jours,Suivi de candidature | Chef de Projet IA en Alternance H/F | HELPLINE | Nanterre - 92 | Alternance | 10 000 - 18 000 € / an | Voir l’offre | il y a 25 jours,https://www.hellowork.com/fr-fr/emplois/78169595.html,IA,Alternance,2026-09-18 09:41
Alternance IA · Bac+3 à Bac+5 · Lyon H/FNEXA Digital School,Non précisé,https://f.hellowork.com/img/entreprises/200053.png?v=20260915121034,il y a 9 jours,Alternance IA · Bac+3 à Bac+5 · Lyon H/F | NEXA Digital School | Lyon 2e - 69 | Alternance | 2 ans | Voir l’offre | il y a 9 jours,https://www.hellowork.com/fr-fr/emplois/81845256.html,IA,Alternance,2026-09-18 09:41
Alternance Consultant Business & IA H/FImmersia,Non précisé,https://f.hellowork.com/img/entreprises/197767.png?v=20260604132627,il y a 11 jours,"Suivi de candidature | Alternance Consultant Business & IA H/F | Immersia | Levallois-Perret - 92 | Alternance | 492,22 - 1 823,03 € / mois | Voir l’offre | il y a 11 jours",https://www.hellowork.com/fr-fr/emplois/82746683.html,IA,Alternance,2026-09-18 09:41
Alternant - Adoption IA Générative & Microsoft Copilot H/FINTED GROUP (IEG),Non précisé,https://f.hellowork.com/img/entreprises/197901.png,il y a 12 jours,"Suivi de candidature | Alternant - Adoption IA Générative & Microsoft Copilot H/F | INTED GROUP (IEG) | Champs-sur-Marne - 77 | Alternance | 1 867,02 € / mois | 12 mois | Voir l’offre | il y a 12 jours",https://www.hellowork.com/fr-fr/emplois/82696864.html,IA,Alternance,2026-09-18 09:41
Chargé de Projet IA & Automatisation RH en Alternance H/FMyDigitalSchool Angers,Non précisé,https://f.hellowork.com/img/entreprises/207109.png?v=20260604132627,il y a 15 jours,"Chargé de Projet IA & Automatisation RH en Alternance H/F | MyDigitalSchool Angers | Angers - 49 | Alternance | 492,22 - 1 867,02 € / mois | 24 mois | Voir l’offre | il y a 15 jours",https://www.hellowork.com/fr-fr/emplois/81619140.html,IA,Alternance,2026-09-18 09:41
Spécialiste en Conception et Déploiement de Solutions IA - Alternance H/FREDSUP,Non précisé,https://f.hellowork.com/img/entreprises/201284.png?v=20261001112012,il y a 17 jours,"Suivi de candidature | Spécialiste en Conception et Déploiement de Solutions IA - Alternance H/F | REDSUP | Clichy - 92 | Alternance | 12,31 € / heure | 2 ans | Voir l’offre | il y a 17 jours",https://www.hellowork.com/fr-fr/emplois/79218977.html,IA,Alternance,2026-09-18 09:41
Apprenti Création d'Agents Llm Large Language Model pour Optimiser les Outils de Reporting H/FVeolia,Non précisé,https://f.hellowork.com/img/entreprises/203626.png,il y a 6 jours,"Suivi de candidature | Apprenti Création d'Agents Llm Large Language Model pour Optimiser les Outils de Reporting H/F | Veolia | Aubervilliers - 93 | Alternance | 492,22 - 1 823,03 € / mois | Voir l’offre | il y a 6 jours",https://www.hellowork.com/fr-fr/emplois/67853858.html,IA,Alternance,2026-09-18 09:41
Stage - Bac+5 - Modélisation de la Méthode Flash par Intelligence Artificielle H/FCEA,Non précisé,https://f.hellowork.com/img/entreprises/194020.png?v=20261001112011,il y a 23 jours,Stage - Bac+5 - Modélisation de la Méthode Flash par Intelligence Artificielle H/F | CEA | Centre-Val de Loire | Stage | Voir l’offre | il y a 23 jours,https://www.hellowork.com/fr-fr/emplois/83375243.html,IA,Stage,2026-09-18 09:41
Stage - Développement d'Outils d'Intelligence Artificielle du Bureau d'Etude H/FSafran,Non précisé,https://f.hellowork.com/img/entreprises/215443.png?v=20260605150802,il y a 29 jours,Suivi de candidature | Stage - Développement d'Outils d'Intelligence Artificielle du Bureau d'Etude H/F | Safran | Bordes - 64 | Stage | 4 mois | Voir l’offre | il y a 29 jours,https://www.hellowork.com/fr-fr/emplois/83192057.html,IA,Stage,2026-09-18 09:41
Stage de Fin d'Études en Intelligence Artificielle H/FEPSA,Non précisé,https://f.hellowork.com/img/entreprises/206525.png?v=20261001112013,il y a 11 jours,Suivi de candidature | Stage de Fin d'Études en Intelligence Artificielle H/F | EPSA | Nantes - 44 | Stage | 1 000 € / mois | Voir l’offre | il y a 11 jours,https://www.hellowork.com/fr-fr/emplois/81741319.html,IA,Stage,2026-09-18 09:41
Stage - Bac+4 - +5 - Analyse de Signaux de Vélocimétrie par Intelligence Artificielle H/FCEA,Non précisé,https://f.hellowork.com/img/entreprises/194020.png?v=20261001112011,il y a 23 jours,Stage - Bac+4 - +5 - Analyse de Signaux de Vélocimétrie par Intelligence Artificielle H/F | CEA | Bruyères-le-Châtel - 91 | Stage | 6 mois | Voir l’offre | il y a 23 jours,https://www.hellowork.com/fr-fr/emplois/83375160.html,IA,Stage,2026-09-18 09:41
Stage AMOA - Recette & Test - Projet Intelligence Artificielle H/FGroupe SII,Non précisé,https://f.hellowork.com/img/entreprises/197178.png,il y a 23 jours,Suivi de candidature | Stage AMOA - Recette & Test - Projet Intelligence Artificielle H/F | Groupe SII | Super recruteur | Vélizy-Villacoublay - 78 | Stage | 16 000 - 16 800 € / an | 6 mois | Voir l’offre | il y a 23 jours,https://www.hellowork.com/fr-fr/emplois/82059748.html,IA,Stage,2026-09-18 09:41
Stage - Bac+5 - Développement d'Un Démonstrateur à Base d'Intelligence Artificielle Embarquée H/FCEA,Non précisé,https://f.hellowork.com/img/entreprises/194020.png?v=20261001112011,il y a 23 jours,Stage - Bac+5 - Développement d'Un Démonstrateur à Base d'Intelligence Artificielle Embarquée H/F | CEA | Nouvelle-Aquitaine | Stage | 6 mois | Voir l’offre | il y a 23 jours,https://www.hellowork.com/fr-fr/emplois/83375228.html,IA,Stage,2026-09-18 09:41
Stage - Stage Fin d'Études - Ingénieur Innovation en Intelligence Artificielle Appliquée aux Life Sciences H/FAstek,Non précisé,https://f.hellowork.com/img/entreprises/192878.png?v=20261001112010,il y a 22 jours,Stage - Stage Fin d'Études - Ingénieur Innovation en Intelligence Artificielle Appliquée aux Life Sciences H/F | Astek | Paris 1er - 75 | Stage | 35 000 € / an | Télétravail partiel | Voir l’offre | il y a 22 jours,https://www.hellowork.com/fr-fr/emplois/83427518.html,IA,Stage,2026-09-18 09:41
Pfe l'Intelligence Artificielle au Service du Chantier H/FColas France,Non précisé,https://f.hellowork.com/img/entreprises/194500.png?v=20261001112011,il y a 18 jours,Pfe l'Intelligence Artificielle au Service du Chantier H/F | Colas France | Sedan - 08 | Stage | 6 mois | Voir l’offre | il y a 18 jours,https://www.hellowork.com/fr-fr/emplois/81486997.html,IA,Stage,2026-09-18 09:41
Stage Chargé·e de Mission IA - H/FVeolia Eau,Non précisé,https://f.hellowork.com/img/entreprises/203628.png,il y a 9 jours,Suivi de candidature | Stage Chargé·e de Mission IA - H/F | Veolia Eau | Vaulx-en-Velin - 69 | Stage | Voir l’offre | il y a 9 jours,https://www.hellowork.com/fr-fr/emplois/82433554.html,IA,Stage,2026-09-18 09:41
Stage - Analyste IA & Performance Sse H/FCMA CGM,Non précisé,https://f.hellowork.com/img/entreprises/194426.png,il y a 7 jours,Suivi de candidature | Stage - Analyste IA & Performance Sse H/F | CMA CGM | Marseille - 13 | Stage | Voir l’offre | il y a 7 jours,https://www.hellowork.com/fr-fr/emplois/83480743.html,IA,Stage,2026-09-18 09:41
Stage - Développement d'Un Assistant IA pour la Génération de Tests V&V H/FFramatome,Non précisé,https://f.hellowork.com/img/entreprises/196426.png,il y a 8 jours,Stage - Développement d'Un Assistant IA pour la Génération de Tests V&V H/F | Framatome | Grenoble - 38 | Stage | Voir l’offre | il y a 8 jours,https://www.hellowork.com/fr-fr/emplois/83483612.html,IA,Stage,2026-09-18 09:41
Stage - IA pour la Gestion des Connaissances & l'Aide à la Décision H/FCMA CGM,Non précisé,https://f.hellowork.com/img/entreprises/194426.png,il y a 8 jours,Suivi de candidature | Stage - IA pour la Gestion des Connaissances & l'Aide à la Décision H/F | CMA CGM | Marseille - 13 | Stage | Voir l’offre | il y a 8 jours,https://www.hellowork.com/fr-fr/emplois/83447564.html,IA,Stage,2026-09-18 09:41
Stage - Ingénieur Intelligence Artificielle - IA Générative Agents IA Llm & Rag - Business Line Solutions & Expertises - Toulouse H/FSopra Steria,Non précisé,https://f.hellowork.com/img/entreprises/202495.png,il y a 23 jours,Suivi de candidature | Stage - Ingénieur Intelligence Artificielle - IA Générative Agents IA Llm & Rag - Business Line Solutions & Expertises - Toulouse H/F | Sopra Steria | Colomiers - 31 | Stage | Voir l’offre | il y a 23 jours,https://www.hellowork.com/fr-fr/emplois/82891013.html,IA,Stage,2026-09-18 09:41
Stage - Bac+4 - +5 - Évaluation de l'Utilisation d'Agents IA dans un Environnement Hpc H/FCEA,Non précisé,https://f.hellowork.com/img/entreprises/194020.png,il y a 10 jours,Stage - Bac+4 - +5 - Évaluation de l'Utilisation d'Agents IA dans un Environnement Hpc H/F | CEA | Bruyères-le-Châtel - 91 | Stage | Voir l’offre | il y a 10 jours,https://www.hellowork.com/fr-fr/emplois/83375232.html,IA,Stage,2026-09-18 09:41
Stage - Bac+5 - Pistage de Débris Spatiaux Aidé par l'IA H/FCEA,Non précisé,https://f.hellowork.com/img/entreprises/194020.png,il y a 10 jours,Stage - Bac+5 - Pistage de Débris Spatiaux Aidé par l'IA H/F | CEA | Nouvelle-Aquitaine | Stage | 6 mois | Voir l’offre | il y a 10 jours,https://www.hellowork.com/fr-fr/emplois/83375214.html,IA,Stage,2026-09-18 09:41
Stage - Bac+4 - +5 - Méthode de Maillage Adaptatif pour un Algorithme de Transport Monte Carlo H/FCEA,Non précisé,https://f.hellowork.com/img/entreprises/194020.png,il y a 10 jours,Stage - Bac+4 - +5 - Méthode de Maillage Adaptatif pour un Algorithme de Transport Monte Carlo H/F | CEA | Bruyères-le-Châtel - 91 | Stage | Voir l’offre | il y a 10 jours,https://www.hellowork.com/fr-fr/emplois/83375152.html,IA,Stage,2026-09-18 09:41
Chef.Fe de Projet IA & Innovation - Stage Janvier 2027 H/FGroupe Etam,Non précisé,https://f.hellowork.com/img/entreprises/196971.png,il y a 14 jours,Chef.Fe de Projet IA & Innovation - Stage Janvier 2027 H/F | Groupe Etam | Hauts-de-Seine - 92 | Stage | Voir l’offre | il y a 14 jours,https://www.hellowork.com/fr-fr/emplois/83241543.html,IA,Stage,2026-09-18 09:41
Stagiaire Chef de Projet en Transformation IA - Stage de Fin d'Études H/FConverteo,Non précisé,https://f.hellowork.com/img/entreprises/189285.png,il y a 16 jours,Suivi de candidature | Stagiaire Chef de Projet en Transformation IA - Stage de Fin d'Études H/F | Converteo | Paris 12e - 75 | Stage | Télétravail partiel | Voir l’offre | il y a 16 jours,https://www.hellowork.com/fr-fr/emplois/83094614.html,IA,Stage,2026-09-18 09:41
Stage - Développement en IA Appliquée au Powertrain H/FBertrandt technology,Non précisé,https://f.hellowork.com/img/entreprises/207893.png,il y a 22 jours,Suivi de candidature | Stage - Développement en IA Appliquée au Powertrain H/F | Bertrandt technology | Vélizy-Villacoublay - 78 | Stage | 6 mois | Voir l’offre | il y a 22 jours,https://www.hellowork.com/fr-fr/emplois/82959071.html,IA,Stage,2026-09-18 09:41
Mesure de Consommation et Génération de Données pour l'IA pour Systèmes Embarqués Telecom H/FCEA,Non précisé,https://f.hellowork.com/img/entreprises/194020.png,il y a 10 heures,Mesure de Consommation et Génération de Données pour l'IA pour Systèmes Embarqués Telecom H/F | CEA | Grenoble - 38 | Stage | 5 mois | Voir l’offre | il y a 10 heures,https://www.hellowork.com/fr-fr/emplois/82898768.html,IA,Stage,2026-09-18 09:41
Stage Bac+5 - IA Appliquée CRM Intelligent & Automatisation Avancée H/FLa Tribu IT,Non précisé,https://f.hellowork.com/img/entreprises/210691.png,il y a 21 jours,Suivi de candidature | Stage Bac+5 - IA Appliquée CRM Intelligent & Automatisation Avancée H/F | La Tribu IT | Seine-et-Marne - 77 | Stage | 700 - 1 000 € / mois | Télétravail occasionnel | + 1 | Voir l’offre | il y a 21 jours,https://www.hellowork.com/fr-fr/emplois/82890302.html,IA,Stage,2026-09-18 09:41
Stage Contrôle de Gestion Division Power - Développement de Solutions IA H/FValeo,Non précisé,https://f.hellowork.com/img/entreprises/203550.png,il y a 4 jours,Stage Contrôle de Gestion Division Power - Développement de Solutions IA H/F | Valeo | Cergy - 95 | Stage | 6 mois | Voir l’offre | il y a 4 jours,https://www.hellowork.com/fr-fr/emplois/64187142.html,IA,Stage,2026-09-18 09:41
Chargé IA & Processus - Stage H/FPiriou,Non précisé,https://f.hellowork.com/img/entreprises/200760.png,il y a 3 jours,"Suivi de candidature | Chargé IA & Processus - Stage H/F | Piriou | Concarneau - 29 | Stage | 4,50 € / heure | 6 mois | Voir l’offre | il y a 3 jours",https://www.hellowork.com/fr-fr/emplois/81732452.html,IA,Stage,2026-09-18 09:41
Stage - IA Embarquée pour la Surveillance du Spectre Rf H/FCEA,Non précisé,https://f.hellowork.com/img/entreprises/194020.png,il y a 6 jours,Stage - IA Embarquée pour la Surveillance du Spectre Rf H/F | CEA | Grenoble - 38 | Stage | 5 mois | Voir l’offre | il y a 6 jours,https://www.hellowork.com/fr-fr/emplois/82659521.html,IA,Stage,2026-09-18 09:41
Stage - Consultant Junior IA H/FCKS Consulting,Non précisé,https://f.hellowork.com/img/entreprises/194328.png,il y a 11 jours,Suivi de candidature | Stage - Consultant Junior IA H/F | CKS Consulting | Paris 2e - 75 | Stage | 6 mois | Voir l’offre | il y a 11 jours,https://www.hellowork.com/fr-fr/emplois/83206387.html,IA,Stage,2026-09-18 09:41
Stagiaire - Stage -Group IT Business Analysis H/FCMA CGM,Non précisé,https://f.hellowork.com/img/entreprises/194426.png,il y a 11 jours,Suivi de candidature | Stagiaire - Stage -Group IT Business Analysis H/F | CMA CGM | Marseille - 13 | Stage | Voir l’offre | il y a 11 jours,https://www.hellowork.com/fr-fr/emplois/83200081.html,IA,Stage,2026-09-18 09:41
Stage Pfe - Dév Agents IA et de Workflows Intelligents Process Interne H/FECM,Non précisé,https://f.hellowork.com/img/entreprises/195343.png,il y a 14 jours,Suivi de candidature | Stage Pfe - Dév Agents IA et de Workflows Intelligents Process Interne H/F | ECM | Paris 17e - 75 | Stage | Voir l’offre | il y a 14 jours,https://www.hellowork.com/fr-fr/emplois/82041456.html,IA,Stage,2026-09-18 09:41
Stage - Développement IA et Data Analyse H/FSanofi,Non précisé,,il y a 2 jours,Stage - Développement IA et Data Analyse H/F | Sanofi | Gentilly - 94 | Stage | 6 mois | Voir l’offre | il y a 2 jours,https://www.hellowork.com/fr-fr/emplois/82489029.html,IA,Stage,2026-09-18 09:41
Business Analyst en Intelligence Artificielle H/FCrédit Agricole CIB,Non précisé,https://f.hellowork.com/img/entreprises/189318.png,il y a 1 jour,Business Analyst en Intelligence Artificielle H/F | Crédit Agricole CIB | Montrouge - 92 | Stage | 6 mois | Voir l’offre | il y a 1 jour,https://www.hellowork.com/fr-fr/emplois/83454380.html,IA,Stage,2026-09-18 09:41
Stage 2027 - Stage en Intelligence Artificielle H/FAirbus Defense and Space,Non précisé,https://f.hellowork.com/img/entreprises/188689.png,il y a 1 jour,Stage 2027 - Stage en Intelligence Artificielle H/F | Airbus Defense and Space | Blagnac - 31 | Stage | Voir l’offre | il y a 1 jour,https://www.hellowork.com/fr-fr/emplois/83457003.html,IA,Stage,2026-09-18 09:41
Alternant Machine Learning Engineer - Bac+¾ - Paris H/FNEXA Digital School,Non précisé,https://f.hellowork.com/img/entreprises/200053.png?v=20260915121034,il y a 21 jours,Alternant Machine Learning Engineer - Bac+¾ - Paris H/F | NEXA Digital School | Île-de-France | Alternance | 800 - 1 500 € / mois | 24 mois | Voir l’offre | il y a 21 jours,https://www.hellowork.com/fr-fr/emplois/81401230.html,IA,Alternance,2026-09-18 09:41
Alternant Machine Learning Engineer - Bac+¾ - Lyon H/FNEXA Digital School,Non précisé,https://f.hellowork.com/img/entreprises/200053.png?v=20260915121034,il y a 21 jours,Alternant Machine Learning Engineer - Bac+¾ - Lyon H/F | NEXA Digital School | Lyon - 69 | Alternance | 800 - 1 500 € / mois | 24 mois | Voir l’offre | il y a 21 jours,https://www.hellowork.com/fr-fr/emplois/81401207.html,IA,Alternance,2026-09-18 09:41
Alternance - Ingénieur Jumeaux Numérique & Machine Learning H/FCetim,Non précisé,https://f.hellowork.com/img/entreprises/194139.png?v=20260807010024,il y a 28 jours,"Alternance - Ingénieur Jumeaux Numérique & Machine Learning H/F | Cetim | Saint-Étienne - 42 | Alternance | 492,22 - 1 823,03 € / mois | 3 ans | Voir l’offre | il y a 28 jours",https://www.hellowork.com/fr-fr/emplois/76659700.html,IA,Alternance,2026-09-18 09:41
Alternance Chef de Projet Développement Machine Learning - Plaisir H/FISCOD,Non précisé,https://f.hellowork.com/img/entreprises/198022.png,il y a 20 jours,"Alternance Chef de Projet Développement Machine Learning - Plaisir H/F | ISCOD | Plaisir - 78 | Alternance | 492,22 - 1 823,03 € / mois | Voir l’offre | il y a 20 jours",https://www.hellowork.com/fr-fr/emplois/77572136.html,IA,Alternance,2026-09-18 09:41
Ingénieur en IA Alternance - Secteur Défense H/Faivancity,Non précisé,https://f.hellowork.com/img/entreprises/206080.png?v=20261001112013,il y a 3 jours,"Suivi de candidature | Ingénieur en IA Alternance - Secteur Défense H/F | aivancity | Villejuif - 94 | Alternance | 1 405,40 - 1 801,80 € / mois | 12 mois | Voir l’offre | il y a 3 jours",https://www.hellowork.com/fr-fr/emplois/83032484.html,IA,Alternance,2026-09-18 09:41
Ingénieur en IA Alternance - Secteur Réseaux H/Faivancity,Non précisé,https://f.hellowork.com/img/entreprises/206080.png?v=20261001112013,il y a 3 jours,"Suivi de candidature | Ingénieur en IA Alternance - Secteur Réseaux H/F | aivancity | Villejuif - 94 | Alternance | 1 405,40 - 1 823,03 € / mois | 12 mois | Voir l’offre | il y a 3 jours",https://www.hellowork.com/fr-fr/emplois/83032470.html,IA,Alternance,2026-09-18 09:41
Ingénieur en IA Alternance - Secteur Aéronautique H/Faivancity,Non précisé,https://f.hellowork.com/img/entreprises/206080.png?v=20261001112013,il y a 3 jours,"Suivi de candidature | Ingénieur en IA Alternance - Secteur Aéronautique H/F | aivancity | Villejuif - 94 | Alternance | 1 405,40 - 3 333 € / mois | 12 mois | Voir l’offre | il y a 3 jours",https://www.hellowork.com/fr-fr/emplois/83032343.html,IA,Alternance,2026-09-18 09:41
Apprenti Bac+5 Ingénieur - Data Scientist H/FSamsic Groupe,Non précisé,https://f.hellowork.com/img/entreprises/201666.png,il y a 13 heures,"Apprenti Bac+5 Ingénieur - Data Scientist H/F | Samsic Groupe | Tremblay-en-France - 93 | Alternance | 492,22 - 1 823,03 € / mois | 14 mois | Voir l’offre | il y a 13 heures",https://www.hellowork.com/fr-fr/emplois/83495722.html,IA,Alternance,2026-09-18 09:41
Data Analyst en Alternance H/FFiducial,Non précisé,https://f.hellowork.com/img/entreprises/196245.png,il y a 4 jours,"Résultats proches | Les offres ci-dessous sont basées sur les mots-clés de votre recherche | Suivi de candidature | Data Analyst en Alternance H/F | Fiducial | Lyon - 69 | Alternance | 492,22 - 1 823,03 € / mois | 24 mois | Voir l’offre | il y a 4 jours",https://www.hellowork.com/fr-fr/emplois/82434613.html,IA,Alternance,2026-09-18 09:41
Chef de Projets Applications Périphériques - Alternance H/F1001 Vies Habitat,Non précisé,https://f.hellowork.com/img/entreprises/191659.png?v=20261001112010,il y a 14 jours,"Résultats proches | Les offres ci-dessous sont basées sur les mots-clés de votre recherche | Suivi de candidature | Chef de Projets Applications Périphériques - Alternance H/F | 1001 Vies Habitat | Paris - 75 | Alternance | 492,22 - 1 823,03 € / mois | Voir l’offre | il y a 14 jours",https://www.hellowork.com/fr-fr/emplois/78311654.html,IA,Alternance,2026-09-18 09:41
Ingénieur Data & IA - Formation Bac+4 en Alternance H/FEPSI Toulouse,Non précisé,https://f.hellowork.com/img/entreprises/195749.png?v=20261001112011,il y a 12 jours,Suivi de candidature | Ingénieur Data & IA - Formation Bac+4 en Alternance H/F | EPSI Toulouse | Toulouse - 31 | Alternance | 2 ans | Voir l’offre | il y a 12 jours,https://www.hellowork.com/fr-fr/emplois/80613229.html,IA,Alternance,2026-09-18 09:41
Data Analyst - IA H/FDocaposte,Non précisé,https://f.hellowork.com/img/entreprises/195184.png,il y a 26 jours,Suivi de candidature | Data Analyst - IA H/F | Docaposte | Ivry-sur-Seine - 94 | Alternance | Voir l’offre | il y a 26 jours,https://www.hellowork.com/fr-fr/emplois/83145709.html,IA,Alternance,2026-09-18 09:41
Alternant·e Ingénieur·e de Données IT - OT Industriel H/FEPSI Grenoble,Non précisé,https://f.hellowork.com/img/entreprises/195742.png,il y a 28 jours,Suivi de candidature | Alternant·e Ingénieur·e de Données IT - OT Industriel H/F | EPSI Grenoble | Le Pont-de-Claix - 38 | Alternance | 1 an | Voir l’offre | il y a 28 jours,https://www.hellowork.com/fr-fr/emplois/82941384.html,IA,Alternance,2026-09-18 09:41
Data Scientist - Santé Numérique Alternance H/Faivancity,Non précisé,https://f.hellowork.com/img/entreprises/206080.png?v=20261001112013,il y a 3 jours,Suivi de candidature | Data Scientist - Santé Numérique Alternance H/F | aivancity | Nice - 06 | Alternance | 2 958 € / mois | Télétravail occasionnel | + 1 | Voir l’offre | il y a 3 jours,https://www.hellowork.com/fr-fr/emplois/83032366.html,IA,Alternance,2026-09-18 09:41
Alternance en Développement Web H/FMyDigitalSchool Montpellier,Non précisé,https://f.hellowork.com/img/entreprises/207112.png?v=20260604132627,il y a 19 heures,Suivi de candidature | Alternance en Développement Web H/F | MyDigitalSchool Montpellier | Montpellier - 34 | Alternance | 793 - 1 823 € / mois | 12 mois | Voir l’offre | il y a 19 heures,https://www.hellowork.com/fr-fr/emplois/78812130.html,IA,Alternance,2026-09-18 09:41
Data Analyst en Alternance H/FFUTURAE EDUCATION,Non précisé,https://f.hellowork.com/img/entreprises/213447.png?v=20260707113418,il y a 19 heures,Suivi de candidature | Data Analyst en Alternance H/F | FUTURAE EDUCATION | Paris - 75 | Alternance | 2 ans | Voir l’offre | il y a 19 heures,https://www.hellowork.com/fr-fr/emplois/83120323.html,IA,Alternance,2026-09-18 09:41
Alternance - Assistant Chef de Projet H/FStudi CFA,Non précisé,https://f.hellowork.com/img/entreprises/202763.png?v=20261001112012,Non précisée,"Suivi de candidature | Alternance - Assistant Chef de Projet H/F | Studi CFA | Paris 2e - 75 | Alternance | 492,22 - 1 823,03 € / mois | Voir l’offre | plus de 1 mois",https://www.hellowork.com/fr-fr/emplois/75408977.html,IA,Alternance,2026-09-18 09:41
Alternant - Data Science et Plan d'Experiences Modélisation des Procédés de Valorisation du Co2 H/FVeolia Environnement,Non précisé,https://f.hellowork.com/img/entreprises/203631.png?v=20260604132627,il y a 9 jours,"Suivi de candidature | Alternant - Data Science et Plan d'Experiences Modélisation des Procédés de Valorisation du Co2 H/F | Veolia Environnement | Aubervilliers - 93 | Alternance | 492,22 - 1 823,03 € / mois | Voir l’offre | il y a 9 jours",https://www.hellowork.com/fr-fr/emplois/79509178.html,IA,Alternance,2026-09-18 09:41
Stage Bac+5 Machine Learning Sop Batteries H/FCEA,Non précisé,https://f.hellowork.com/img/entreprises/194020.png?v=20261001112011,il y a 23 jours,Stage Bac+5 Machine Learning Sop Batteries H/F | CEA | Grenoble - 38 | Stage | Voir l’offre | il y a 23 jours,https://www.hellowork.com/fr-fr/emplois/83385975.html,IA,Stage,2026-09-18 09:41
Stage Machine Learning H/FLa Javaness,Non précisé,,il y a 24 jours,Stage Machine Learning H/F | La Javaness | Paris - 75 | Stage | Télétravail partiel | Voir l’offre | il y a 24 jours,https://www.hellowork.com/fr-fr/emplois/68998914.html,IA,Stage,2026-09-18 09:41
Internship - Machine Learning Research H/Fapple,Non précisé,https://f.hellowork.com/img/entreprises/188795.png?v=20260608103444,il y a 21 jours,Internship - Machine Learning Research H/F | apple | Paris - 75 | Stage | Voir l’offre | il y a 21 jours,https://www.hellowork.com/fr-fr/emplois/83448932.html,IA,Stage,2026-09-18 09:41
Stage - Ingénieur·e Recherche - Machine Learning H/FDassault Systèmes,Non précisé,,il y a 19 heures,Stage - Ingénieur·e Recherche - Machine Learning H/F | Dassault Systèmes | Valbonne - 06 | Stage | Voir l’offre | il y a 19 heures,https://www.hellowork.com/fr-fr/emplois/83089134.html,IA,Stage,2026-09-18 09:41
Stage - Ingénieur Recherche Machine Learning H/FDassault Systèmes,Non précisé,,il y a 19 heures,Stage - Ingénieur Recherche Machine Learning H/F | Dassault Systèmes | Vélizy-Villacoublay - 78 | Stage | Voir l’offre | il y a 19 heures,https://www.hellowork.com/fr-fr/emplois/83089236.html,IA,Stage,2026-09-18 09:41
Stage Ingénieur Connaissance et Données Machine Learning et Classification H/FDassault Systèmes,Non précisé,,il y a 19 heures,Stage Ingénieur Connaissance et Données Machine Learning et Classification H/F | Dassault Systèmes | Vélizy-Villacoublay - 78 | Stage | Voir l’offre | il y a 19 heures,https://www.hellowork.com/fr-fr/emplois/83089123.html,IA,Stage,2026-09-18 09:41
Stage - Ingénieur Deep Learning - Machines Éléctriques H/FDassault Systèmes,Non précisé,,il y a 19 heures,Stage - Ingénieur Deep Learning - Machines Éléctriques H/F | Dassault Systèmes | Villeneuve-d'Ascq - 59 | Stage | Voir l’offre | il y a 19 heures,https://www.hellowork.com/fr-fr/emplois/83089133.html,IA,Stage,2026-09-18 09:41
Stage - Bac+5 - Modèles Réduits de Métasurfaces par Pinn H/FCEA,Non précisé,https://f.hellowork.com/img/entreprises/194020.png,il y a 21 jours,Stage - Bac+5 - Modèles Réduits de Métasurfaces par Pinn H/F | CEA | Nouvelle-Aquitaine | Stage | 6 mois | Voir l’offre | il y a 21 jours,https://www.hellowork.com/fr-fr/emplois/83375070.html,IA,Stage,2026-09-18 09:41
Stage - Bac+4 - +5 - Evolution du Logiciel de Contrôle-Commande d'Un Accélérateur de Particules H/FCEA,Non précisé,https://f.hellowork.com/img/entreprises/194020.png,il y a 20 jours,Stage - Bac+4 - +5 - Evolution du Logiciel de Contrôle-Commande d'Un Accélérateur de Particules H/F | CEA | Bruyères-le-Châtel - 91 | Stage | Voir l’offre | il y a 20 jours,https://www.hellowork.com/fr-fr/emplois/83375184.html,IA,Stage,2026-09-18 09:41
Stage - Bac+4 - +5 - Elaboration d'Un Réseau de Neurones pour la Physique des Plasmas H/FCEA,Non précisé,https://f.hellowork.com/img/entreprises/194020.png,il y a 17 jours,Stage - Bac+4 - +5 - Elaboration d'Un Réseau de Neurones pour la Physique des Plasmas H/F | CEA | Bruyères-le-Châtel - 91 | Stage | 6 mois | Voir l’offre | il y a 17 jours,https://www.hellowork.com/fr-fr/emplois/83375145.html,IA,Stage,2026-09-18 09:41
Stage - Développement et Validation d'Une Méthodologie d'Analyse Métallographique par IA H/FSafran,Non précisé,https://f.hellowork.com/img/entreprises/215443.png,il y a 17 jours,Suivi de candidature | Stage - Développement et Validation d'Une Méthodologie d'Analyse Métallographique par IA H/F | Safran | Bordes - 64 | Stage | 6 mois | Voir l’offre | il y a 17 jours,https://www.hellowork.com/fr-fr/emplois/83290120.html,IA,Stage,2026-09-18 09:41
Stage - Ingénieur Conception Coeur du Réacteur et Études de Sûreté Neutroniques H/FFramatome,Non précisé,https://f.hellowork.com/img/entreprises/196426.png,il y a 15 jours,Stage - Ingénieur Conception Coeur du Réacteur et Études de Sûreté Neutroniques H/F | Framatome | Lyon - 69 | Stage | Voir l’offre | il y a 15 jours,https://www.hellowork.com/fr-fr/emplois/83234534.html,IA,Stage,2026-09-18 09:41
Stage - Méthodologie d'Analyse des Incertitudes dans les Simulations des Combustibles Nucléaires H/FCEA,Non précisé,https://f.hellowork.com/img/entreprises/194020.png,il y a 9 jours,Stage - Méthodologie d'Analyse des Incertitudes dans les Simulations des Combustibles Nucléaires H/F | CEA | Bouches-du-Rhône - 13 | Stage | Voir l’offre | il y a 9 jours,https://www.hellowork.com/fr-fr/emplois/83436174.html,IA,Stage,2026-09-18 09:41
Ingénieure - Ingénieur Acoustique Aéro - Stage H/FCapgemini,Non précisé,https://f.hellowork.com/img/entreprises/193881.png,il y a 9 jours,Ingénieure - Ingénieur Acoustique Aéro - Stage H/F | Capgemini | Blagnac - 31 | Stage | 6 mois | Voir l’offre | il y a 9 jours,https://www.hellowork.com/fr-fr/emplois/83479629.html,IA,Stage,2026-09-18 09:41
Stage Ingénieur Informatique - Audio H/FCrosscall,Non précisé,https://f.hellowork.com/img/entreprises/194783.png,il y a 17 jours,Suivi de candidature | Stage Ingénieur Informatique - Audio H/F | Crosscall | Aix-en-Provence - 13 | Stage | 6 mois | Voir l’offre | il y a 17 jours,https://www.hellowork.com/fr-fr/emplois/83100251.html,IA,Stage,2026-09-18 09:41
Stage Ingénieur - Mise en Place d'Outils Informatiques Adaptés au Service Métier H/FSafran,Non précisé,https://f.hellowork.com/img/entreprises/215443.png,il y a 14 jours,Suivi de candidature | Stage Ingénieur - Mise en Place d'Outils Informatiques Adaptés au Service Métier H/F | Safran | Gonfreville-l'Orcher - 76 | Stage | 6 mois | Voir l’offre | il y a 14 jours,https://www.hellowork.com/fr-fr/emplois/83119481.html,IA,Stage,2026-09-18 09:41
Ingénieure - Ingénieur Calcul Mécanique Stage H/FCapgemini,Non précisé,https://f.hellowork.com/img/entreprises/193881.png,il y a 10 jours,Ingénieure - Ingénieur Calcul Mécanique Stage H/F | Capgemini | Bouches-du-Rhône - 13 | Stage | 6 mois | Voir l’offre | il y a 10 jours,https://www.hellowork.com/fr-fr/emplois/83292747.html,IA,Stage,2026-09-18 09:41
Stage - Design Authority IA H/FCrédit Agricole Assurances,Non précisé,https://f.hellowork.com/img/entreprises/194717.png,il y a 7 jours,Stage - Design Authority IA H/F | Crédit Agricole Assurances | Paris - 75 | Stage | 1 100 - 1 900 € / mois | Télétravail partiel | Voir l’offre | il y a 7 jours,https://www.hellowork.com/fr-fr/emplois/76757709.html,IA,Stage,2026-09-18 09:41
Stage Ingénieur Simulations Cfd Aéro Acoustique H/FGroupe Atlantic,Non précisé,https://f.hellowork.com/img/entreprises/196883.png,il y a 6 jours,Suivi de candidature | Stage Ingénieur Simulations Cfd Aéro Acoustique H/F | Groupe Atlantic | Meyzieu - 69 | Stage | 6 mois | Voir l’offre | il y a 6 jours,https://www.hellowork.com/fr-fr/emplois/83392706.html,IA,Stage,2026-09-18 09:41
Stage Développeur Data & IA H/FVINCI Energies France Tertiaire Nord Est,Non précisé,https://f.hellowork.com/img/entreprises/203749.png,il y a 7 jours,Suivi de candidature | Stage Développeur Data & IA H/F | VINCI Energies France Tertiaire Nord Est | Paris - 75 | Stage | Voir l’offre | il y a 7 jours,https://www.hellowork.com/fr-fr/emplois/81541919.html,IA,Stage,2026-09-18 09:41
Stage - Stage Fin d'Études - Ingénieur Innovation en Traitement Automatiques des Langues H/FAstek,Non précisé,https://f.hellowork.com/img/entreprises/192878.png,il y a 6 jours,Stage - Stage Fin d'Études - Ingénieur Innovation en Traitement Automatiques des Langues H/F | Astek | Paris 1er - 75 | Stage | 35 000 € / an | Télétravail partiel | Voir l’offre | il y a 6 jours,https://www.hellowork.com/fr-fr/emplois/79296148.html,IA,Stage,2026-09-18 09:41
Stage - Stage Fin d'Études - Ingénieur Innovation en Informatique Sciences des Données H/FAstek,Non précisé,https://f.hellowork.com/img/entreprises/192878.png,il y a 19 jours,Stage - Stage Fin d'Études - Ingénieur Innovation en Informatique Sciences des Données H/F | Astek | Paris 1er - 75 | Stage | 35 000 € / an | Télétravail partiel | Voir l’offre | il y a 19 jours,https://www.hellowork.com/fr-fr/emplois/79707552.html,IA,Stage,2026-09-18 09:41
Stage. Estimation Conjointe de l'Objet et de Paramètres Inconnus en Tomographie H/FCEA,Non précisé,https://f.hellowork.com/img/entreprises/194020.png,il y a 20 jours,Stage. Estimation Conjointe de l'Objet et de Paramètres Inconnus en Tomographie H/F | CEA | Marseille - 13 | Stage | Voir l’offre | il y a 20 jours,https://www.hellowork.com/fr-fr/emplois/82797907.html,IA,Stage,2026-09-18 09:41
Stage - Bac+5 - Evaluer les Propriétés Radiatives d'Un Plasma avec un Réseau de Neurones H/FCEA,Non précisé,https://f.hellowork.com/img/entreprises/194020.png,il y a 3 jours,Stage - Bac+5 - Evaluer les Propriétés Radiatives d'Un Plasma avec un Réseau de Neurones H/F | CEA | Bruyères-le-Châtel - 91 | Stage | 6 mois | Voir l’offre | il y a 3 jours,https://www.hellowork.com/fr-fr/emplois/83375248.html,IA,Stage,2026-09-18 09:41
Stage - Bac+4 - +5 - Exploration du Mélange H-He dans les Planètes Géantes H/FCEA,Non précisé,https://f.hellowork.com/img/entreprises/194020.png,il y a 3 jours,Stage - Bac+4 - +5 - Exploration du Mélange H-He dans les Planètes Géantes H/F | CEA | Bruyères-le-Châtel - 91 | Stage | 6 mois | Voir l’offre | il y a 3 jours,https://www.hellowork.com/fr-fr/emplois/83375219.html,IA,Stage,2026-09-18 09:41
Alternance Master Cybersécurité H/FEPSI Bordeaux,Non précisé,https://f.hellowork.com/img/entreprises/195741.png?v=20261001112011,il y a 21 jours,Suivi de candidature | Alternance Master Cybersécurité H/F | EPSI Bordeaux | Brive-la-Gaillarde - Bordeaux | Alternance | Télétravail occasionnel | 2 ans | Voir l’offre | il y a 21 jours,https://www.hellowork.com/fr-fr/emplois/83488705.html,Cybersécurité,Alternance,2026-09-18 09:41
Alternance Cybersécurité H/FNEXA Digital School,Non précisé,https://f.hellowork.com/img/entreprises/200053.png?v=20260915121034,il y a 4 jours,"Alternance Cybersécurité H/F | NEXA Digital School | Paris - 75 | Alternance | 1 823,03 € / mois | 2 ans | Voir l’offre | il y a 4 jours",https://www.hellowork.com/fr-fr/emplois/75238250.html,Cybersécurité,Alternance,2026-09-18 09:41
Assistant Cybersécurité - Alternance H/FMyDigitalSchool Saint Quentin en Yvelines,Non précisé,https://f.hellowork.com/img/entreprises/207115.png?v=20260604132627,il y a 22 jours,"Suivi de candidature | Assistant Cybersécurité - Alternance H/F | MyDigitalSchool Saint Quentin en Yvelines | Montigny-le-Bretonneux - 78 | Alternance | 22 404,20 € / an | 1 an | Voir l’offre | il y a 22 jours",https://www.hellowork.com/fr-fr/emplois/80199499.html,Cybersécurité,Alternance,2026-09-18 09:41
Alternance - Administrateur Infrastructures Réseaux et Cybersécurité H/FStudi CFA,Non précisé,https://f.hellowork.com/img/entreprises/202763.png?v=20261001112012,il y a 20 jours,"Suivi de candidature | Alternance - Administrateur Infrastructures Réseaux et Cybersécurité H/F | Studi CFA | Arras - 62 | Alternance | 492,22 - 1 823,03 € / mois | Voir l’offre | il y a 20 jours",https://www.hellowork.com/fr-fr/emplois/80366725.html,Cybersécurité,Alternance,2026-09-18 09:41
Technicien Support IT & Cybersécurité - Alternance H/FREDSUP,Non précisé,https://f.hellowork.com/img/entreprises/201284.png?v=20261001112012,il y a 23 jours,"Suivi de candidature | Technicien Support IT & Cybersécurité - Alternance H/F | REDSUP | Clichy - 92 | Alternance | 22 404,20 € / an | 1 an | Voir l’offre | il y a 23 jours",https://www.hellowork.com/fr-fr/emplois/81314368.html,Cybersécurité,Alternance,2026-09-18 09:41
Alternant Réseaux & Cybersécurité H/F,Non précisé,,il y a 21 jours,Suivi de candidature | Alternant Réseaux & Cybersécurité H/F | Cette entreprise souhaite rester anonyme | Colombes - 92 | Alternance | 1 an | Voir l’offre | il y a 21 jours,https://www.hellowork.com/fr-fr/emplois/82949869.html,Cybersécurité,Alternance,2026-09-18 09:41
Technicien Support IT & Cybersécurité - Alternance H/FREDSUP,Non précisé,https://f.hellowork.com/img/entreprises/201284.png?v=20261001112012,il y a 23 jours,"Suivi de candidature | Technicien Support IT & Cybersécurité - Alternance H/F | REDSUP | Clichy - 92 | Alternance | 22 404,20 € / an | 1 an | Voir l’offre | il y a 23 jours",https://www.hellowork.com/fr-fr/emplois/81314680.html,Cybersécurité,Alternance,2026-09-18 09:41
Alternance Cybersécurité - Bac+2 H/FNEXA Digital School,Non précisé,https://f.hellowork.com/img/entreprises/200053.png?v=20260915121034,il y a 24 jours,"Alternance Cybersécurité - Bac+2 H/F | NEXA Digital School | Marseille - 13 | Alternance | 800 - 1 823,03 € / mois | Télétravail partiel | + 1 | Voir l’offre | il y a 24 jours",https://www.hellowork.com/fr-fr/emplois/76807445.html,Cybersécurité,Alternance,2026-09-18 09:41
Assisant Cybersécurité H/FNEXA Digital School,Non précisé,https://f.hellowork.com/img/entreprises/200053.png,il y a 5 jours,"Assisant Cybersécurité H/F | NEXA Digital School | Lille - 59 | Alternance | 800 - 1 867,02 € / mois | 1 an | Voir l’offre | il y a 5 jours",https://www.hellowork.com/fr-fr/emplois/82730337.html,Cybersécurité,Alternance,2026-09-18 09:41
Formation en Alternance - Mastere en Cybersécurité H/F2i Academy,Non précisé,https://f.hellowork.com/img/entreprises/206010.png,il y a 10 jours,Suivi de candidature | Formation en Alternance - Mastere en Cybersécurité H/F | 2i Academy | Orléans - 45 | Alternance | 19 mois | Voir l’offre | il y a 10 jours,https://www.hellowork.com/fr-fr/emplois/81317725.html,Cybersécurité,Alternance,2026-09-18 09:41
Alternance Cybersécurité - Saint-Herblain H/FISCOD,Non précisé,https://f.hellowork.com/img/entreprises/198022.png,il y a 11 jours,"Alternance Cybersécurité - Saint-Herblain H/F | ISCOD | Saint-Herblain - 44 | Alternance | 492,22 - 1 823,03 € / mois | Voir l’offre | il y a 11 jours",https://www.hellowork.com/fr-fr/emplois/83499581.html,Cybersécurité,Alternance,2026-09-18 09:41
Cybersécurité des Systèmes d'Information et Environnement - Alternance H/FMyDigitalSchool Angers,Non précisé,https://f.hellowork.com/img/entreprises/207109.png?v=20260604132627,il y a 20 jours,"Cybersécurité des Systèmes d'Information et Environnement - Alternance H/F | MyDigitalSchool Angers | Nantes - 44 | Alternance | 492,22 - 1 867,02 € / mois | 24 mois | Voir l’offre | il y a 20 jours",https://www.hellowork.com/fr-fr/emplois/80313179.html,Cybersécurité,Alternance,2026-09-18 09:41
Alternance Administrateur Système et Cybersécurité H/FEPSI Bordeaux,Non précisé,https://f.hellowork.com/img/entreprises/195741.png?v=20261001112011,il y a 3 jours,Suivi de candidature | Alternance Administrateur Système et Cybersécurité H/F | EPSI Bordeaux | Bordeaux - 33 | Alternance | Télétravail occasionnel | 2 ans | Voir l’offre | il y a 3 jours,https://www.hellowork.com/fr-fr/emplois/83027055.html,Cybersécurité,Alternance,2026-09-18 09:41
Alternance Cybersécurité - Bac+2 H/FNEXA Digital School,Non précisé,https://f.hellowork.com/img/entreprises/200053.png?v=20260915121034,il y a 29 jours,Alternance Cybersécurité - Bac+2 H/F | NEXA Digital School | Auvergne-Rhône-Alpes | Alternance | 1 an | Voir l’offre | il y a 29 jours,https://www.hellowork.com/fr-fr/emplois/79957677.html,Cybersécurité,Alternance,2026-09-18 09:41
Commercial Btob Cybersecurite - Alternance H/FEuridis Management,Non précisé,https://f.hellowork.com/img/entreprises/206576.png?v=20261001112013,il y a 3 jours,Suivi de candidature | Commercial Btob Cybersecurite - Alternance H/F | Euridis Management | Cesson-Sévigné - 35 | Alternance | 15 000 € / an | Voir l’offre | il y a 3 jours,https://www.hellowork.com/fr-fr/emplois/83046324.html,Cybersécurité,Alternance,2026-09-18 09:41
Alternance Technicien Support et Cybersécurité - Limonest H/FISCOD,Non précisé,https://f.hellowork.com/img/entreprises/198022.png,il y a 13 jours,"Alternance Technicien Support et Cybersécurité - Limonest H/F | ISCOD | Limonest - 69 | Alternance | 492,22 - 1 823,03 € / mois | Voir l’offre | il y a 13 jours",https://www.hellowork.com/fr-fr/emplois/83443208.html,Cybersécurité,Alternance,2026-09-18 09:41
Alternant·e Administrateur Systèmes Réseaux et Cybersécurité H/FORT Toulouse,Non précisé,https://f.hellowork.com/img/entreprises/204662.png,il y a 15 jours,Suivi de candidature | Alternant·e Administrateur Systèmes Réseaux et Cybersécurité H/F | ORT Toulouse | Toulouse - 31 | Alternance | 12 mois | Voir l’offre | il y a 15 jours,https://www.hellowork.com/fr-fr/emplois/79831998.html,Cybersécurité,Alternance,2026-09-18 09:41
Auditeur - Auditrice Technique en Cybersécurité Alternance H/FApave,Non précisé,https://f.hellowork.com/img/entreprises/192606.png,il y a 15 jours,Suivi de candidature | Auditeur - Auditrice Technique en Cybersécurité Alternance H/F | Apave | La Défense - 92 | Alternance | Télétravail partiel | 24 mois | Voir l’offre | il y a 15 jours,https://www.hellowork.com/fr-fr/emplois/81136864.html,Cybersécurité,Alternance,2026-09-18 09:41
Alternance - Cybersécurité - Bac+4 - 5 H/FSup de Vinci,Non précisé,https://f.hellowork.com/img/entreprises/204915.png,il y a 13 jours,"Alternance - Cybersécurité - Bac+4 - 5 H/F | Sup de Vinci | Rennes - 35 | Alternance | 783 - 1 867,02 € / mois | 24 mois | Voir l’offre | il y a 13 jours",https://www.hellowork.com/fr-fr/emplois/83353880.html,Cybersécurité,Alternance,2026-09-18 09:41
Alternance - Assistant Cybersécurité - BTS S.I.O H/FAURLOM,Non précisé,https://f.hellowork.com/img/entreprises/206200.png,il y a 7 jours,Alternance - Assistant Cybersécurité - BTS S.I.O H/F | AURLOM | Paris - 75 | Alternance | 400 - 1 700 € / mois | 2 ans | Voir l’offre | il y a 7 jours,https://www.hellowork.com/fr-fr/emplois/83421878.html,Cybersécurité,Alternance,2026-09-18 09:41
Alternance - Assistant Cybersécurité - BTS S.I.O H/FAURLOM,Non précisé,https://f.hellowork.com/img/entreprises/206200.png,il y a 7 jours,Alternance - Assistant Cybersécurité - BTS S.I.O H/F | AURLOM | Paris - 75 | Alternance | 400 - 1 400 € / mois | 2 ans | Voir l’offre | il y a 7 jours,https://www.hellowork.com/fr-fr/emplois/83423003.html,Cybersécurité,Alternance,2026-09-18 09:41
Alternance - Assistant Cybersécurité - BTS S.I.O H/FAURLOM,Non précisé,https://f.hellowork.com/img/entreprises/206200.png,il y a 7 jours,Alternance - Assistant Cybersécurité - BTS S.I.O H/F | AURLOM | Paris - 75 | Alternance | 400 - 1 400 € / mois | 2 ans | Voir l’offre | il y a 7 jours,https://www.hellowork.com/fr-fr/emplois/83422104.html,Cybersécurité,Alternance,2026-09-18 09:41
Assistant Cybersécurité et Réseaux - en Alternance H/FIRIS,Non précisé,https://f.hellowork.com/img/entreprises/206855.png?v=20261001112013,il y a 3 jours,Assistant Cybersécurité et Réseaux - en Alternance H/F | IRIS | Paris - 75 | Alternance | 2 ans | Voir l’offre | il y a 3 jours,https://www.hellowork.com/fr-fr/emplois/75292125.html,Cybersécurité,Alternance,2026-09-18 09:41
Alternant Cybersécurité - Bac+4 - +5 H/F,Non précisé,,il y a 19 heures,Alternant Cybersécurité - Bac+4 - +5 H/F | Cette entreprise souhaite rester anonyme | Saint-Sébastien-sur-Loire - 44 | Alternance | Télétravail occasionnel | 24 mois | Voir l’offre | il y a 19 heures,https://www.hellowork.com/fr-fr/emplois/83119049.html,Cybersécurité,Alternance,2026-09-18 09:41
Alternance Apprenti Cybersécurité - Grabels H/FISCOD,Non précisé,https://f.hellowork.com/img/entreprises/198022.png,il y a 20 jours,"Alternance Apprenti Cybersécurité - Grabels H/F | ISCOD | Grabels - 34 | Alternance | 492,22 - 1 823,03 € / mois | Voir l’offre | il y a 20 jours",https://www.hellowork.com/fr-fr/emplois/82900381.html,Cybersécurité,Alternance,2026-09-18 09:41
Chargé de Mission Gouvernance Cybersécurité & Rgpd H/FNEXA Digital School,Non précisé,https://f.hellowork.com/img/entreprises/200053.png?v=20260915121034,il y a 19 heures,Chargé de Mission Gouvernance Cybersécurité & Rgpd H/F | NEXA Digital School | Paris - 75 | Alternance | Télétravail partiel | Voir l’offre | il y a 19 heures,https://www.hellowork.com/fr-fr/emplois/78823739.html,Cybersécurité,Alternance,2026-09-18 09:41
Formation en Alternance - Mastere en Cybersécurité H/F2i Academy,Non précisé,https://f.hellowork.com/img/entreprises/206010.png,il y a 19 jours,Suivi de candidature | Formation en Alternance - Mastere en Cybersécurité H/F | 2i Academy | Nice - 06 | Alternance | 19 mois | Voir l’offre | il y a 19 jours,https://www.hellowork.com/fr-fr/emplois/80781328.html,Cybersécurité,Alternance,2026-09-18 09:41
Alternance - Assistant Cybersécurité Informatique - BTS S.I.O H/FAURLOM,Non précisé,https://f.hellowork.com/img/entreprises/206200.png,il y a 21 jours,Alternance - Assistant Cybersécurité Informatique - BTS S.I.O H/F | AURLOM | Paris - 75 | Alternance | 400 - 1 400 € / mois | 2 ans | Voir l’offre | il y a 21 jours,https://www.hellowork.com/fr-fr/emplois/83422598.html,Cybersécurité,Alternance,2026-09-18 09:41
Alternance - Assistant RSSI et Projets Cybersécurité H/F,Non précisé,,il y a 15 jours,"Alternance - Assistant RSSI et Projets Cybersécurité H/F | Cette entreprise souhaite rester anonyme | Villeneuve-d'Ascq - 59 | Alternance | 800 - 1 867,02 € / mois | 24 mois | Voir l’offre | il y a 15 jours",https://www.hellowork.com/fr-fr/emplois/79753079.html,Cybersécurité,Alternance,2026-09-18 09:41
Alternance Cybersécurité · Bac+3 Minimum · Lyon H/FNEXA Digital School,Non précisé,https://f.hellowork.com/img/entreprises/200053.png,il y a 27 jours,Alternance Cybersécurité · Bac+3 Minimum · Lyon H/F | NEXA Digital School | Lyon - 69 | Alternance | 2 ans | Voir l’offre | il y a 27 jours,https://www.hellowork.com/fr-fr/emplois/79957719.html,Cybersécurité,Alternance,2026-09-18 09:41
Stage Cybersécurité Grc H/FCapgemini,Non précisé,https://f.hellowork.com/img/entreprises/193881.png?v=20261001112010,il y a 22 jours,Stage Cybersécurité Grc H/F | Capgemini | Toulouse - 31 | Stage | 6 mois | Voir l’offre | il y a 22 jours,https://www.hellowork.com/fr-fr/emplois/83407333.html,Cybersécurité,Stage,2026-09-18 09:41
Ingénieure - Ingénieur Cybersécurité Grc - Stage H/FCapgemini,Non précisé,https://f.hellowork.com/img/entreprises/193881.png?v=20261001112010,il y a 22 jours,Ingénieure - Ingénieur Cybersécurité Grc - Stage H/F | Capgemini | Mérignac - 33 | Stage | 6 mois | Voir l’offre | il y a 22 jours,https://www.hellowork.com/fr-fr/emplois/83407110.html,Cybersécurité,Stage,2026-09-18 09:41
Stage - Analyste Voc - Cybersécurité - Toulouse H/FSopra Steria,Non précisé,https://f.hellowork.com/img/entreprises/202495.png,il y a 27 jours,Suivi de candidature | Stage - Analyste Voc - Cybersécurité - Toulouse H/F | Sopra Steria | Colomiers - 31 | Stage | Télétravail partiel | Voir l’offre | il y a 27 jours,https://www.hellowork.com/fr-fr/emplois/83043553.html,Cybersécurité,Stage,2026-09-18 09:41
Stage - Analyste Voc - Cybersécurité - Île-De-France H/FSopra Steria,Non précisé,https://f.hellowork.com/img/entreprises/202495.png,il y a 13 jours,Suivi de candidature | Stage - Analyste Voc - Cybersécurité - Île-De-France H/F | Sopra Steria | Courbevoie - 92 | Stage | Télétravail partiel | Voir l’offre | il y a 13 jours,https://www.hellowork.com/fr-fr/emplois/83043861.html,Cybersécurité,Stage,2026-09-18 09:41
Stage - Analyste Mdr - Detection Cybersécurité - Toulouse H/FSopra Steria,Non précisé,https://f.hellowork.com/img/entreprises/202495.png?v=20261001112012,il y a 4 jours,Suivi de candidature | Stage - Analyste Mdr - Detection Cybersécurité - Toulouse H/F | Sopra Steria | Colomiers - 31 | Stage | Télétravail partiel | Voir l’offre | il y a 4 jours,https://www.hellowork.com/fr-fr/emplois/82999801.html,Cybersécurité,Stage,2026-09-18 09:41
Stage - Analyste Mdr - Detection Cybersécurité - Rennes H/FSopra Steria,Non précisé,https://f.hellowork.com/img/entreprises/202495.png,il y a 25 jours,Suivi de candidature | Stage - Analyste Mdr - Detection Cybersécurité - Rennes H/F | Sopra Steria | Cesson-Sévigné - 35 | Stage | Télétravail partiel | Voir l’offre | il y a 25 jours,https://www.hellowork.com/fr-fr/emplois/82999798.html,Cybersécurité,Stage,2026-09-18 09:41
Stage - Alternance - Chef de Projet Grc et Cybersécurité H/FGroupe ONET,Non précisé,https://f.hellowork.com/img/entreprises/197103.png,il y a 28 jours,Suivi de candidature | Stage - Alternance - Chef de Projet Grc et Cybersécurité H/F | Groupe ONET | Marseille - 13 | Stage | Voir l’offre | il y a 28 jours,https://www.hellowork.com/fr-fr/emplois/81934256.html,Cybersécurité,Stage,2026-09-18 09:41
Stage - Analyste Mdr - Detection Cybersécurité - Île-De-France H/FSopra Steria,Non précisé,https://f.hellowork.com/img/entreprises/202495.png,il y a 29 jours,Suivi de candidature | Stage - Analyste Mdr - Detection Cybersécurité - Île-De-France H/F | Sopra Steria | Courbevoie - 92 | Stage | Télétravail partiel | Voir l’offre | il y a 29 jours,https://www.hellowork.com/fr-fr/emplois/82999800.html,Cybersécurité,Stage,2026-09-18 09:41
Stage - Ingénieur Technique Cybersécurité - Défense & Sécurité - Île-De-France H/FSopra Steria,Non précisé,https://f.hellowork.com/img/entreprises/202495.png,il y a 18 jours,Suivi de candidature | Stage - Ingénieur Technique Cybersécurité - Défense & Sécurité - Île-De-France H/F | Sopra Steria | Montreuil - 93 | Stage | Voir l’offre | il y a 18 jours,https://www.hellowork.com/fr-fr/emplois/83006048.html,Cybersécurité,Stage,2026-09-18 09:41
Stage - Ingénieur Cybersécurité - Février 2027 H/FFleury Michon,Non précisé,https://f.hellowork.com/img/entreprises/196303.png,il y a 24 jours,Stage - Ingénieur Cybersécurité - Février 2027 H/F | Fleury Michon | Pouzauges - 85 | Stage | 1 000 - 1 250 € / mois | Voir l’offre | il y a 24 jours,https://www.hellowork.com/fr-fr/emplois/83254751.html,Cybersécurité,Stage,2026-09-18 09:41
Stage de Fin d'Études - Ingénieur Cybersécurité H/FTEAM Y,Non précisé,https://f.hellowork.com/img/entreprises/203032.png,il y a 26 jours,"Suivi de candidature | Stage de Fin d'Études - Ingénieur Cybersécurité H/F | TEAM Y | Super recruteur | La Roche-sur-Yon - 85 | Stage | 1 867,02 € / mois | 6 mois | Voir l’offre | il y a 26 jours",https://www.hellowork.com/fr-fr/emplois/82222422.html,Cybersécurité,Stage,2026-09-18 09:41
Stage - Analyste Cybersécurité - Response - Toulouse H/FSopra Steria,Non précisé,https://f.hellowork.com/img/entreprises/202495.png,il y a 24 jours,Suivi de candidature | Stage - Analyste Cybersécurité - Response - Toulouse H/F | Sopra Steria | Colomiers - 31 | Stage | Télétravail partiel | Voir l’offre | il y a 24 jours,https://www.hellowork.com/fr-fr/emplois/83035581.html,Cybersécurité,Stage,2026-09-18 09:41
Stage - Stage de Fin d'Études - Ingénieur Innovation Cybersécurité & Cryptographie Avancée H/FAstek,Non précisé,https://f.hellowork.com/img/entreprises/192878.png?v=20261001112010,il y a 14 jours,Stage - Stage de Fin d'Études - Ingénieur Innovation Cybersécurité & Cryptographie Avancée H/F | Astek | Rennes - 35 | Stage | 35 000 € / an | Télétravail partiel | Voir l’offre | il y a 14 jours,https://www.hellowork.com/fr-fr/emplois/78284120.html,Cybersécurité,Stage,2026-09-18 09:41
Formation Cyber Xp Epsi Bordeaux - Bac+3 - 5 + Stage Cybersécurité 4Mois H/FEPSI Bordeaux,Non précisé,https://f.hellowork.com/img/entreprises/195741.png,il y a 8 jours,Suivi de candidature | Formation Cyber Xp Epsi Bordeaux - Bac+3 - 5 + Stage Cybersécurité 4Mois H/F | EPSI Bordeaux | Bordeaux - 33 | Stage | 4 mois | Voir l’offre | il y a 8 jours,https://www.hellowork.com/fr-fr/emplois/81798213.html,Cybersécurité,Stage,2026-09-18 09:41
de Vulnérabilités et Tests Guidés par IA H/FCEA,Non précisé,https://f.hellowork.com/img/entreprises/194020.png,il y a 15 jours,de Vulnérabilités et Tests Guidés par IA H/F | CEA | Grenoble - 38 | Stage | 6 mois | Voir l’offre | il y a 15 jours,https://www.hellowork.com/fr-fr/emplois/83347332.html,Cybersécurité,Stage,2026-09-18 09:41
Duoday 2026 - Crédit Agricole Groupe Infrastructure Plateforme Cagip H/FAktisea,Non précisé,https://f.hellowork.com/img/entreprises/192295.png,il y a 22 jours,Suivi de candidature | Duoday 2026 - Crédit Agricole Groupe Infrastructure Plateforme Cagip H/F | Aktisea | France | Stage | 1 jour | Voir l’offre | il y a 22 jours,https://www.hellowork.com/fr-fr/emplois/83045187.html,Cybersécurité,Stage,2026-09-18 09:41
Stage BTS Ciel H/FSafran,Non précisé,https://f.hellowork.com/img/entreprises/215443.png,il y a 4 jours,Suivi de candidature | Stage BTS Ciel H/F | Safran | Vélizy-Villacoublay - 78 | Stage | 6 semaines | Voir l’offre | il y a 4 jours,https://www.hellowork.com/fr-fr/emplois/78612863.html,Cybersécurité,Stage,2026-09-18 09:41
Stage de Fin d'Études - Consultant Cybersécurité - Nantes - 2026 H/FForvis Mazars,Non précisé,https://f.hellowork.com/img/entreprises/196401.png,il y a 19 jours,Suivi de candidature | Stage de Fin d'Études - Consultant Cybersécurité - Nantes - 2026 H/F | Forvis Mazars | Saint-Herblain - 44 | Stage | Voir l’offre | il y a 19 jours,https://www.hellowork.com/fr-fr/emplois/56411017.html,Cybersécurité,Stage,2026-09-18 09:41
Stage - Chargé de Développement pour les Équipes Cybersécurité H/FDassault Systèmes,Non précisé,,il y a 15 jours,Stage - Chargé de Développement pour les Équipes Cybersécurité H/F | Dassault Systèmes | Vélizy-Villacoublay - 78 | Stage | Voir l’offre | il y a 15 jours,https://www.hellowork.com/fr-fr/emplois/83089130.html,Cybersécurité,Stage,2026-09-18 09:41
Stage - IA & Cybersécurité Réinventer le Triage des Vulnérabilités H/FDassault Systèmes,Non précisé,,il y a 7 jours,Stage - IA & Cybersécurité Réinventer le Triage des Vulnérabilités H/F | Dassault Systèmes | Vélizy-Villacoublay - 78 | Stage | Voir l’offre | il y a 7 jours,https://www.hellowork.com/fr-fr/emplois/83369149.html,Cybersécurité,Stage,2026-09-18 09:41
Stage - Sécurité Opérationnelle & Devsecops - Cybersécurité - Mode - Février 2027 H/FChanel,Non précisé,https://f.hellowork.com/img/entreprises/189139.png,il y a 7 jours,Stage - Sécurité Opérationnelle & Devsecops - Cybersécurité - Mode - Février 2027 H/F | Chanel | Paris - 75 | Stage | Voir l’offre | il y a 7 jours,https://www.hellowork.com/fr-fr/emplois/83361529.html,Cybersécurité,Stage,2026-09-18 09:41
Stage - Ingénieur Cybersécurité H/FDassault Systèmes,Non précisé,,il y a 14 jours,Stage - Ingénieur Cybersécurité H/F | Dassault Systèmes | Vélizy-Villacoublay - 78 | Stage | Voir l’offre | il y a 14 jours,https://www.hellowork.com/fr-fr/emplois/83089143.html,Cybersécurité,Stage,2026-09-18 09:41
Arquus Stage - Systèmes Embarqués et Cybersécurité H/FArquus,Non précisé,,il y a 2 jours,Arquus Stage - Systèmes Embarqués et Cybersécurité H/F | Arquus | Versailles - 78 | Stage | Télétravail occasionnel | Voir l’offre | il y a 2 jours,https://www.hellowork.com/fr-fr/emplois/82521997.html,Cybersécurité,Stage,2026-09-18 09:41
Stage - Digital Resilience Officer H/FCoface,Non précisé,https://f.hellowork.com/img/entreprises/189211.png,il y a 6 jours,Stage - Digital Resilience Officer H/F | Coface | Bois-Colombes - 92 | Stage | Voir l’offre | il y a 6 jours,https://www.hellowork.com/fr-fr/emplois/83358747.html,Cybersécurité,Stage,2026-09-18 09:41
& Cybersecurity Consultant - Stage de Fin d'Études H/FWavestone,Non précisé,https://f.hellowork.com/img/entreprises/191475.png,il y a 11 jours,& Cybersecurity Consultant - Stage de Fin d'Études H/F | Wavestone | Puteaux - 92 | Stage | Voir l’offre | il y a 11 jours,https://www.hellowork.com/fr-fr/emplois/82113955.html,Cybersécurité,Stage,2026-09-18 09:41
Stage - Assistant Chef de Projet Digital & Infrastructures IT H/FSchneider Electric,Non précisé,https://f.hellowork.com/img/entreprises/190858.png,il y a 1 jour,Stage - Assistant Chef de Projet Digital & Infrastructures IT H/F | Schneider Electric | Rueil-Malmaison - 92 | Stage | Télétravail partiel | 3 mois | Voir l’offre | il y a 1 jour,https://www.hellowork.com/fr-fr/emplois/83429678.html,Cybersécurité,Stage,2026-09-18 09:41
Consultant·e.S - Stage de Fin d'Études - Nantes - Cio - Cyb - Comment Structurer une Gouvernance IA Responsable et Inclusive ai Act Biais Accessibilité Adaptation Culturelle H/FWavestone,Non précisé,https://f.hellowork.com/img/entreprises/191475.png,il y a 25 jours,Consultant·e.S - Stage de Fin d'Études - Nantes - Cio - Cyb - Comment Structurer une Gouvernance IA Responsable et Inclusive ai Act Biais Accessibilité Adaptation Culturelle H/F | Wavestone | Nantes - 44 | Stage | Voir l’offre | il y a 25 jours,https://www.hellowork.com/fr-fr/emplois/81630545.html,Cybersécurité,Stage,2026-09-18 09:41
Alternant Ingénieur Sécurité Informatique H/FProtectline,Non précisé,https://f.hellowork.com/img/entreprises/201052.png,il y a 11 jours,Suivi de candidature | Alternant Ingénieur Sécurité Informatique H/F | Protectline | Super recruteur | Noisy-le-Grand - 93 | Alternance | 900 - 1 200 € / mois | Télétravail occasionnel | + 1 | Voir l’offre | il y a 11 jours,https://www.hellowork.com/fr-fr/emplois/83202829.html,Cybersécurité,Alternance,2026-09-18 09:41
Alternance - Assistant Sécurité Informatique - BTS S.I.O H/FAURLOM,Non précisé,https://f.hellowork.com/img/entreprises/206200.png,il y a 21 jours,Alternance - Assistant Sécurité Informatique - BTS S.I.O H/F | AURLOM | Paris - 75 | Alternance | 400 - 1 400 € / mois | 2 ans | Voir l’offre | il y a 21 jours,https://www.hellowork.com/fr-fr/emplois/83424594.html,Cybersécurité,Alternance,2026-09-18 09:41
Alternance - Assistant Sécurité Informatique - BTS S.I.O H/FAURLOM,Non précisé,https://f.hellowork.com/img/entreprises/206200.png,il y a 21 jours,Alternance - Assistant Sécurité Informatique - BTS S.I.O H/F | AURLOM | Paris - 75 | Alternance | 400 - 1 400 € / mois | 2 ans | Voir l’offre | il y a 21 jours,https://www.hellowork.com/fr-fr/emplois/83422273.html,Cybersécurité,Alternance,2026-09-18 09:41
Ingénieur Cybersécurité - Alternance H/FREDSUP,Non précisé,https://f.hellowork.com/img/entreprises/201284.png?v=20261001112012,il y a 22 jours,"Suivi de candidature | Ingénieur Cybersécurité - Alternance H/F | REDSUP | Clichy - 92 | Alternance | 22 404,20 € / an | 1 an | Voir l’offre | il y a 22 jours",https://www.hellowork.com/fr-fr/emplois/80177302.html,Cybersécurité,Alternance,2026-09-18 09:41
Ingénieur Cybersécurité - Alternance H/FREDSUP,Non précisé,https://f.hellowork.com/img/entreprises/201284.png?v=20261001112012,il y a 20 jours,Ingénieur Cybersécurité - Alternance H/F | REDSUP | Clichy - 92 | Alternance | 15 000 € / an | Voir l’offre | il y a 20 jours,https://www.hellowork.com/fr-fr/emplois/83493642.html,Cybersécurité,Alternance,2026-09-18 09:41
Ingénieur Cybersécurité - Alternance H/FREDSUP,Non précisé,https://f.hellowork.com/img/entreprises/201284.png?v=20261001112012,il y a 20 jours,Ingénieur Cybersécurité - Alternance H/F | REDSUP | Paris 1er - 75 | Alternance | 15 000 € / an | Voir l’offre | il y a 20 jours,https://www.hellowork.com/fr-fr/emplois/83493646.html,Cybersécurité,Alternance,2026-09-18 09:41
Alternance - Technicien Cybersécurité H/FStudi CFA,Non précisé,https://f.hellowork.com/img/entreprises/202763.png?v=20261001112012,il y a 26 jours,"Suivi de candidature | Alternance - Technicien Cybersécurité H/F | Studi CFA | Labège - 31 | Alternance | 492,22 - 1 823,03 € / mois | Voir l’offre | il y a 26 jours",https://www.hellowork.com/fr-fr/emplois/80080345.html,Cybersécurité,Alternance,2026-09-18 09:41
Alternance Ingénieur Cybersécurité Merignac H/FSup de Vinci,Non précisé,https://f.hellowork.com/img/entreprises/204915.png?v=20261001112012,il y a 27 jours,Alternance Ingénieur Cybersécurité Merignac H/F | Sup de Vinci | Mérignac - 33 | Alternance | 2 ans | Voir l’offre | il y a 27 jours,https://www.hellowork.com/fr-fr/emplois/82212834.html,Cybersécurité,Alternance,2026-09-18 09:41
Apprentice Cyber Hack Offensive Defensive H/FInetum,Non précisé,https://f.hellowork.com/img/entreprises/197814.png,il y a 19 jours,Suivi de candidature | Apprentice Cyber Hack Offensive Defensive H/F | Inetum | Saint-Ouen-sur-Seine - 93 | Alternance | Voir l’offre | il y a 19 jours,https://www.hellowork.com/fr-fr/emplois/82951605.html,Cybersécurité,Alternance,2026-09-18 09:41
Ingénieur Cybersécurité H/F,Non précisé,,il y a 5 jours,Suivi de candidature | Ingénieur Cybersécurité H/F | Cette entreprise souhaite rester anonyme | Montpellier - 34 | Alternance | 2 ans | Voir l’offre | il y a 5 jours,https://www.hellowork.com/fr-fr/emplois/82959026.html,Cybersécurité,Alternance,2026-09-18 09:41
Alternant Ingénieur Cybersécurité H/FCegos,Non précisé,https://f.hellowork.com/img/entreprises/204341.png,il y a 16 jours,"Alternant Ingénieur Cybersécurité H/F | Cegos | Issy-les-Moulineaux - 92 | Alternance | 492,22 - 1 823,03 € / mois | Voir l’offre | il y a 16 jours",https://www.hellowork.com/fr-fr/emplois/80952644.html,Cybersécurité,Alternance,2026-09-18 09:41
Stage - - Ingénieur Sécurité Informatique H/FBPCE Infogérance & Technologies,Non précisé,https://f.hellowork.com/img/entreprises/206261.png?v=20261001112013,il y a 22 jours,Stage - - Ingénieur Sécurité Informatique H/F | BPCE Infogérance & Technologies | Balma - 31 | Stage | Voir l’offre | il y a 22 jours,https://www.hellowork.com/fr-fr/emplois/83432904.html,Cybersécurité,Stage,2026-09-18 09:41
Stage - Conception de la Plateforme de Pilotage Cyber du Groupe Cma Cgm H/FCMA CGM,Non précisé,https://f.hellowork.com/img/entreprises/194426.png?v=20261001112011,il y a 21 jours,Suivi de candidature | Stage - Conception de la Plateforme de Pilotage Cyber du Groupe Cma Cgm H/F | CMA CGM | Marseille - 13 | Stage | Voir l’offre | il y a 21 jours,https://www.hellowork.com/fr-fr/emplois/83447545.html,Cybersécurité,Stage,2026-09-18 09:41
Stage - Cyber Operational Dashboard H/FCMA CGM,Non précisé,https://f.hellowork.com/img/entreprises/194426.png?v=20261001112011,il y a 27 jours,Suivi de candidature | Stage - Cyber Operational Dashboard H/F | CMA CGM | Marseille - 13 | Stage | Voir l’offre | il y a 27 jours,https://www.hellowork.com/fr-fr/emplois/83301420.html,Cybersécurité,Stage,2026-09-18 09:41
Internship Soc Analyst - Cyber Defense Center H/FCMA CGM,Non précisé,https://f.hellowork.com/img/entreprises/194426.png,il y a 12 jours,Suivi de candidature | Internship Soc Analyst - Cyber Defense Center H/F | CMA CGM | Marseille - 13 | Stage | Voir l’offre | il y a 12 jours,https://www.hellowork.com/fr-fr/emplois/83200085.html,Cybersécurité,Stage,2026-09-18 09:41
Internship - Cyber Operational Dashboard H/FCMA CGM,Non précisé,https://f.hellowork.com/img/entreprises/194426.png,il y a 24 jours,Suivi de candidature | Internship - Cyber Operational Dashboard H/F | CMA CGM | Marseille - 13 | Stage | Voir l’offre | il y a 24 jours,https://www.hellowork.com/fr-fr/emplois/83301261.html,Cybersécurité,Stage,2026-09-18 09:41
Stagiaire - IT Security Officer H/FBNP Paribas,Non précisé,https://f.hellowork.com/img/entreprises/193475.png,il y a 20 jours,Stagiaire - IT Security Officer H/F | BNP Paribas | Luxembourg | Stage | 6 mois | Voir l’offre | il y a 20 jours,https://www.hellowork.com/fr-fr/emplois/81095170.html,Cybersécurité,Stage,2026-09-18 09:41
Stage - Développeur·se de Moyens de Simulation Numériques pour la Défense - Défense & Sécurité - Rennes H/FSopra Steria,Non précisé,https://f.hellowork.com/img/entreprises/202495.png,il y a 22 jours,Suivi de candidature | Stage - Développeur·se de Moyens de Simulation Numériques pour la Défense - Défense & Sécurité - Rennes H/F | Sopra Steria | Cesson-Sévigné - 35 | Stage | Voir l’offre | il y a 22 jours,https://www.hellowork.com/fr-fr/emplois/82844351.html,Cybersécurité,Stage,2026-09-18 09:41
Stagiaire en Analyse de Risques Cyber et Efficacité des Processus Internes H/FArkéa Asset Managment,Non précisé,https://f.hellowork.com/img/entreprises/192749.png,il y a 17 jours,Suivi de candidature | Stagiaire en Analyse de Risques Cyber et Efficacité des Processus Internes H/F | Arkéa Asset Managment | Le Relecq-Kerhuon - 29 | Stage | Voir l’offre | il y a 17 jours,https://www.hellowork.com/fr-fr/emplois/82463872.html,Cybersécurité,Stage,2026-09-18 09:41
Stage - Ivq - Défense & Sécurité - le Plessis Robinson H/FSopra Steria,Non précisé,https://f.hellowork.com/img/entreprises/202495.png,il y a 20 jours,Suivi de candidature | Stage - Ivq - Défense & Sécurité - le Plessis Robinson H/F | Sopra Steria | Le Plessis-Robinson - 92 | Stage | Voir l’offre | il y a 20 jours,https://www.hellowork.com/fr-fr/emplois/83102055.html,Cybersécurité,Stage,2026-09-18 09:41
Stage - Développeur Fullstack - Défense & Sécurité - Île-De-France H/FSopra Steria,Non précisé,https://f.hellowork.com/img/entreprises/202495.png,il y a 26 jours,Suivi de candidature | Stage - Développeur Fullstack - Défense & Sécurité - Île-De-France H/F | Sopra Steria | Courbevoie - 92 | Stage | Voir l’offre | il y a 26 jours,https://www.hellowork.com/fr-fr/emplois/83006174.html,Cybersécurité,Stage,2026-09-18 09:41
Stage - Développeur·se d'Applications de Simulation C++ - Qt - Défense & Sécurité - Toulon H/FSopra Steria,Non précisé,https://f.hellowork.com/img/entreprises/202495.png,il y a 22 jours,Suivi de candidature | Stage - Développeur·se d'Applications de Simulation C++ - Qt - Défense & Sécurité - Toulon H/F | Sopra Steria | Six-Fours-les-Plages - 83 | Stage | Voir l’offre | il y a 22 jours,https://www.hellowork.com/fr-fr/emplois/83102053.html,Cybersécurité,Stage,2026-09-18 09:41
Stage Ingénieur Logiciel - Défense & Sécurité - Bordeaux H/FSopra Steria,Non précisé,https://f.hellowork.com/img/entreprises/202495.png,il y a 4 jours,Suivi de candidature | Stage Ingénieur Logiciel - Défense & Sécurité - Bordeaux H/F | Sopra Steria | Mérignac - 33 | Stage | Télétravail occasionnel | Voir l’offre | il y a 4 jours,https://www.hellowork.com/fr-fr/emplois/81929930.html,Cybersécurité,Stage,2026-09-18 09:41
Stage - Consultant Fonctionel - Défense et Sécurité - Bordeaux H/FSopra Steria,Non précisé,https://f.hellowork.com/img/entreprises/202495.png,Non précisée,Suivi de candidature | Stage - Consultant Fonctionel - Défense et Sécurité - Bordeaux H/F | Sopra Steria | Mérignac - 33 | Stage | Voir l’offre | plus de 1 mois,https://www.hellowork.com/fr-fr/emplois/81929929.html,Cybersécurité,Stage,2026-09-18 09:41
Ingénieur Maintien en Condition de Sécurité Stage H/FViveris.,Non précisé,https://f.hellowork.com/img/entreprises/203803.png,il y a 5 jours,Suivi de candidature | Ingénieur Maintien en Condition de Sécurité Stage H/F | Viveris. | Ramonville-Saint-Agne - 31 | Stage | Voir l’offre | il y a 5 jours,https://www.hellowork.com/fr-fr/emplois/82379205.html,Cybersécurité,Stage,2026-09-18 09:41
Stage - Consultant - Transformation Digitale - Espace Défense et Sécurité - Idf H/FSopra Steria,Non précisé,https://f.hellowork.com/img/entreprises/202495.png,il y a 5 jours,Suivi de candidature | Stage - Consultant - Transformation Digitale - Espace Défense et Sécurité - Idf H/F | Sopra Steria | Courbevoie - 92 | Stage | Voir l’offre | il y a 5 jours,https://www.hellowork.com/fr-fr/emplois/62307189.html,Cybersécurité,Stage,2026-09-18 09:41
Consultant Stagiaire Qvt et Prévention des Rps H/FKPMG,Non précisé,https://f.hellowork.com/img/entreprises/198457.png,il y a 21 jours,Consultant Stagiaire Qvt et Prévention des Rps H/F | KPMG | France | Stage | Télétravail occasionnel | 6 mois | Voir l’offre | il y a 21 jours,https://www.hellowork.com/fr-fr/emplois/80783835.html,Cybersécurité,Stage,2026-09-18 09:41
Stage - Cyber Sécurité Banc d'Intégration Ihm Protocoles Réseaux Proxy et Réseaux sans Fil H/FNexter,Non précisé,https://f.hellowork.com/img/entreprises/190518.png,il y a 3 jours,Stage - Cyber Sécurité Banc d'Intégration Ihm Protocoles Réseaux Proxy et Réseaux sans Fil H/F | Nexter | Versailles - 78 | Stage | 6 mois | Voir l’offre | il y a 3 jours,https://www.hellowork.com/fr-fr/emplois/83372680.html,Cybersécurité,Stage,2026-09-18 09:41
Security Engineer Intern H/FSwile,Non précisé,https://f.hellowork.com/img/entreprises/191649.png,il y a 4 jours,Security Engineer Intern H/F | Swile | Paris - 75 | Stage | Voir l’offre | il y a 4 jours,https://www.hellowork.com/fr-fr/emplois/83447777.html,Cybersécurité,Stage,2026-09-18 09:41
